{"name":"MiniProject","classpathEntries":[{"kind":"binary","path":"C:\\Program Files\\Java\\jdk1.8.0_211\\jre\\lib\\resources.jar","javadocContainerUrl":"https://docs.oracle.com/javase/1/docs/api/","isSystem":true,"isOwn":false,"isTest":false,"isJavaContent":false},{"kind":"binary","path":"C:\\Program Files\\Java\\jdk1.8.0_211\\jre\\lib\\rt.jar","javadocContainerUrl":"https://docs.oracle.com/javase/1/docs/api/","isSystem":true,"isOwn":false,"isTest":false,"isJavaContent":false},{"kind":"binary","path":"C:\\Program Files\\Java\\jdk1.8.0_211\\jre\\lib\\jsse.jar","javadocContainerUrl":"https://docs.oracle.com/javase/1/docs/api/","isSystem":true,"isOwn":false,"isTest":false,"isJavaContent":false},{"kind":"binary","path":"C:\\Program Files\\Java\\jdk1.8.0_211\\jre\\lib\\jce.jar","javadocContainerUrl":"https://docs.oracle.com/javase/1/docs/api/","isSystem":true,"isOwn":false,"isTest":false,"isJavaContent":false},{"kind":"binary","path":"C:\\Program Files\\Java\\jdk1.8.0_211\\jre\\lib\\charsets.jar","javadocContainerUrl":"https://docs.oracle.com/javase/1/docs/api/","isSystem":true,"isOwn":false,"isTest":false,"isJavaContent":false},{"kind":"binary","path":"C:\\Program Files\\Java\\jdk1.8.0_211\\jre\\lib\\jfr.jar","javadocContainerUrl":"https://docs.oracle.com/javase/1/docs/api/","isSystem":true,"isOwn":false,"isTest":false,"isJavaContent":false},{"kind":"binary","path":"C:\\Users\\JW\\.m2\\repository\\org\\springframework\\boot\\spring-boot-starter-thymeleaf\\2.2.0.RELEASE\\spring-boot-starter-thymeleaf-2.2.0.RELEASE.jar","sourceContainerUrl":"file:/C:/Users/JW/.m2/repository/org/springframework/boot/spring-boot-starter-thymeleaf/2.2.0.RELEASE/spring-boot-starter-thymeleaf-2.2.0.RELEASE-sources.jar","isSystem":false,"isOwn":false,"isTest":false,"isJavaContent":false},{"kind":"binary","path":"C:\\Users\\JW\\.m2\\repository\\org\\springframework\\boot\\spring-boot-starter\\2.2.0.RELEASE\\spring-boot-starter-2.2.0.RELEASE.jar","sourceContainerUrl":"file:/C:/Users/JW/.m2/repository/org/springframework/boot/spring-boot-starter/2.2.0.RELEASE/spring-boot-starter-2.2.0.RELEASE-sources.jar","isSystem":false,"isOwn":false,"isTest":false,"isJavaContent":false},{"kind":"binary","path":"C:\\Users\\JW\\.m2\\repository\\org\\springframework\\boot\\spring-boot\\2.2.0.RELEASE\\spring-boot-2.2.0.RELEASE.jar","sourceContainerUrl":"file:/C:/Users/JW/.m2/repository/org/springframework/boot/spring-boot/2.2.0.RELEASE/spring-boot-2.2.0.RELEASE-sources.jar","javadocContainerUrl":"file:/C:/Users/JW/.m2/repository/org/springframework/boot/spring-boot/2.2.0.RELEASE/spring-boot-2.2.0.RELEASE-javadoc.jar","isSystem":false,"isOwn":false,"isTest":false,"isJavaContent":false},{"kind":"binary","path":"C:\\Users\\JW\\.m2\\repository\\org\\springframework\\boot\\spring-boot-autoconfigure\\2.2.0.RELEASE\\spring-boot-autoconfigure-2.2.0.RELEASE.jar","sourceContainerUrl":"file:/C:/Users/JW/.m2/repository/org/springframework/boot/spring-boot-autoconfigure/2.2.0.RELEASE/spring-boot-autoconfigure-2.2.0.RELEASE-sources.jar","javadocContainerUrl":"file:/C:/Users/JW/.m2/repository/org/springframework/boot/spring-boot-autoconfigure/2.2.0.RELEASE/spring-boot-autoconfigure-2.2.0.RELEASE-javadoc.jar","isSystem":false,"isOwn":false,"isTest":false,"isJavaContent":false},{"kind":"binary","path":"C:\\Users\\JW\\.m2\\repository\\org\\springframework\\boot\\spring-boot-starter-logging\\2.2.0.RELEASE\\spring-boot-starter-logging-2.2.0.RELEASE.jar","sourceContainerUrl":"file:/C:/Users/JW/.m2/repository/org/springframework/boot/spring-boot-starter-logging/2.2.0.RELEASE/spring-boot-starter-logging-2.2.0.RELEASE-sources.jar","isSystem":false,"isOwn":false,"isTest":false,"isJavaContent":false},{"kind":"binary","path":"C:\\Users\\JW\\.m2\\repository\\ch\\qos\\logback\\logback-classic\\1.2.3\\logback-classic-1.2.3.jar","sourceContainerUrl":"file:/C:/Users/JW/.m2/repository/ch/qos/logback/logback-classic/1.2.3/logback-classic-1.2.3-sources.jar","javadocContainerUrl":"file:/C:/Users/JW/.m2/repository/ch/qos/logback/logback-classic/1.2.3/logback-classic-1.2.3-javadoc.jar","isSystem":false,"isOwn":false,"isTest":false,"isJavaContent":false},{"kind":"binary","path":"C:\\Users\\JW\\.m2\\repository\\ch\\qos\\logback\\logback-core\\1.2.3\\logback-core-1.2.3.jar","sourceContainerUrl":"file:/C:/Users/JW/.m2/repository/ch/qos/logback/logback-core/1.2.3/logback-core-1.2.3-sources.jar","javadocContainerUrl":"file:/C:/Users/JW/.m2/repository/ch/qos/logback/logback-core/1.2.3/logback-core-1.2.3-javadoc.jar","isSystem":false,"isOwn":false,"isTest":false,"isJavaContent":false},{"kind":"binary","path":"C:\\Users\\JW\\.m2\\repository\\org\\apache\\logging\\log4j\\log4j-to-slf4j\\2.12.1\\log4j-to-slf4j-2.12.1.jar","sourceContainerUrl":"file:/C:/Users/JW/.m2/repository/org/apache/logging/log4j/log4j-to-slf4j/2.12.1/log4j-to-slf4j-2.12.1-sources.jar","javadocContainerUrl":"file:/C:/Users/JW/.m2/repository/org/apache/logging/log4j/log4j-to-slf4j/2.12.1/log4j-to-slf4j-2.12.1-javadoc.jar","isSystem":false,"isOwn":false,"isTest":false,"isJavaContent":false},{"kind":"binary","path":"C:\\Users\\JW\\.m2\\repository\\org\\apache\\logging\\log4j\\log4j-api\\2.12.1\\log4j-api-2.12.1.jar","sourceContainerUrl":"file:/C:/Users/JW/.m2/repository/org/apache/logging/log4j/log4j-api/2.12.1/log4j-api-2.12.1-sources.jar","javadocContainerUrl":"file:/C:/Users/JW/.m2/repository/org/apache/logging/log4j/log4j-api/2.12.1/log4j-api-2.12.1-javadoc.jar","isSystem":false,"isOwn":false,"isTest":false,"isJavaContent":false},{"kind":"binary","path":"C:\\Users\\JW\\.m2\\repository\\org\\slf4j\\jul-to-slf4j\\1.7.28\\jul-to-slf4j-1.7.28.jar","sourceContainerUrl":"file:/C:/Users/JW/.m2/repository/org/slf4j/jul-to-slf4j/1.7.28/jul-to-slf4j-1.7.28-sources.jar","javadocContainerUrl":"file:/C:/Users/JW/.m2/repository/org/slf4j/jul-to-slf4j/1.7.28/jul-to-slf4j-1.7.28-javadoc.jar","isSystem":false,"isOwn":false,"isTest":false,"isJavaContent":false},{"kind":"binary","path":"C:\\Users\\JW\\.m2\\repository\\jakarta\\annotation\\jakarta.annotation-api\\1.3.5\\jakarta.annotation-api-1.3.5.jar","sourceContainerUrl":"file:/C:/Users/JW/.m2/repository/jakarta/annotation/jakarta.annotation-api/1.3.5/jakarta.annotation-api-1.3.5-sources.jar","javadocContainerUrl":"file:/C:/Users/JW/.m2/repository/jakarta/annotation/jakarta.annotation-api/1.3.5/jakarta.annotation-api-1.3.5-javadoc.jar","isSystem":false,"isOwn":false,"isTest":false,"isJavaContent":false},{"kind":"binary","path":"C:\\Users\\JW\\.m2\\repository\\org\\yaml\\snakeyaml\\1.25\\snakeyaml-1.25.jar","sourceContainerUrl":"file:/C:/Users/JW/.m2/repository/org/yaml/snakeyaml/1.25/snakeyaml-1.25-sources.jar","javadocContainerUrl":"file:/C:/Users/JW/.m2/repository/org/yaml/snakeyaml/1.25/snakeyaml-1.25-javadoc.jar","isSystem":false,"isOwn":false,"isTest":false,"isJavaContent":false},{"kind":"binary","path":"C:\\Users\\JW\\.m2\\repository\\org\\thymeleaf\\thymeleaf-spring5\\3.0.11.RELEASE\\thymeleaf-spring5-3.0.11.RELEASE.jar","sourceContainerUrl":"file:/C:/Users/JW/.m2/repository/org/thymeleaf/thymeleaf-spring5/3.0.11.RELEASE/thymeleaf-spring5-3.0.11.RELEASE-sources.jar","javadocContainerUrl":"file:/C:/Users/JW/.m2/repository/org/thymeleaf/thymeleaf-spring5/3.0.11.RELEASE/thymeleaf-spring5-3.0.11.RELEASE-javadoc.jar","isSystem":false,"isOwn":false,"isTest":false,"isJavaContent":false},{"kind":"binary","path":"C:\\Users\\JW\\.m2\\repository\\org\\thymeleaf\\thymeleaf\\3.0.11.RELEASE\\thymeleaf-3.0.11.RELEASE.jar","sourceContainerUrl":"file:/C:/Users/JW/.m2/repository/org/thymeleaf/thymeleaf/3.0.11.RELEASE/thymeleaf-3.0.11.RELEASE-sources.jar","javadocContainerUrl":"file:/C:/Users/JW/.m2/repository/org/thymeleaf/thymeleaf/3.0.11.RELEASE/thymeleaf-3.0.11.RELEASE-javadoc.jar","isSystem":false,"isOwn":false,"isTest":false,"isJavaContent":false},{"kind":"binary","path":"C:\\Users\\JW\\.m2\\repository\\org\\attoparser\\attoparser\\2.0.5.RELEASE\\attoparser-2.0.5.RELEASE.jar","sourceContainerUrl":"file:/C:/Users/JW/.m2/repository/org/attoparser/attoparser/2.0.5.RELEASE/attoparser-2.0.5.RELEASE-sources.jar","javadocContainerUrl":"file:/C:/Users/JW/.m2/repository/org/attoparser/attoparser/2.0.5.RELEASE/attoparser-2.0.5.RELEASE-javadoc.jar","isSystem":false,"isOwn":false,"isTest":false,"isJavaContent":false},{"kind":"binary","path":"C:\\Users\\JW\\.m2\\repository\\org\\unbescape\\unbescape\\1.1.6.RELEASE\\unbescape-1.1.6.RELEASE.jar","sourceContainerUrl":"file:/C:/Users/JW/.m2/repository/org/unbescape/unbescape/1.1.6.RELEASE/unbescape-1.1.6.RELEASE-sources.jar","javadocContainerUrl":"file:/C:/Users/JW/.m2/repository/org/unbescape/unbescape/1.1.6.RELEASE/unbescape-1.1.6.RELEASE-javadoc.jar","isSystem":false,"isOwn":false,"isTest":false,"isJavaContent":false},{"kind":"binary","path":"C:\\Users\\JW\\.m2\\repository\\org\\slf4j\\slf4j-api\\1.7.28\\slf4j-api-1.7.28.jar","sourceContainerUrl":"file:/C:/Users/JW/.m2/repository/org/slf4j/slf4j-api/1.7.28/slf4j-api-1.7.28-sources.jar","javadocContainerUrl":"file:/C:/Users/JW/.m2/repository/org/slf4j/slf4j-api/1.7.28/slf4j-api-1.7.28-javadoc.jar","isSystem":false,"isOwn":false,"isTest":false,"isJavaContent":false},{"kind":"binary","path":"C:\\Users\\JW\\.m2\\repository\\org\\thymeleaf\\extras\\thymeleaf-extras-java8time\\3.0.4.RELEASE\\thymeleaf-extras-java8time-3.0.4.RELEASE.jar","sourceContainerUrl":"file:/C:/Users/JW/.m2/repository/org/thymeleaf/extras/thymeleaf-extras-java8time/3.0.4.RELEASE/thymeleaf-extras-java8time-3.0.4.RELEASE-sources.jar","javadocContainerUrl":"file:/C:/Users/JW/.m2/repository/org/thymeleaf/extras/thymeleaf-extras-java8time/3.0.4.RELEASE/thymeleaf-extras-java8time-3.0.4.RELEASE-javadoc.jar","isSystem":false,"isOwn":false,"isTest":false,"isJavaContent":false},{"kind":"binary","path":"C:\\Users\\JW\\.m2\\repository\\org\\springframework\\boot\\spring-boot-starter-web\\2.2.0.RELEASE\\spring-boot-starter-web-2.2.0.RELEASE.jar","sourceContainerUrl":"file:/C:/Users/JW/.m2/repository/org/springframework/boot/spring-boot-starter-web/2.2.0.RELEASE/spring-boot-starter-web-2.2.0.RELEASE-sources.jar","isSystem":false,"isOwn":false,"isTest":false,"isJavaContent":false},{"kind":"binary","path":"C:\\Users\\JW\\.m2\\repository\\org\\springframework\\boot\\spring-boot-starter-json\\2.2.0.RELEASE\\spring-boot-starter-json-2.2.0.RELEASE.jar","sourceContainerUrl":"file:/C:/Users/JW/.m2/repository/org/springframework/boot/spring-boot-starter-json/2.2.0.RELEASE/spring-boot-starter-json-2.2.0.RELEASE-sources.jar","isSystem":false,"isOwn":false,"isTest":false,"isJavaContent":false},{"kind":"binary","path":"C:\\Users\\JW\\.m2\\repository\\com\\fasterxml\\jackson\\core\\jackson-databind\\2.10.0\\jackson-databind-2.10.0.jar","sourceContainerUrl":"file:/C:/Users/JW/.m2/repository/com/fasterxml/jackson/core/jackson-databind/2.10.0/jackson-databind-2.10.0-sources.jar","javadocContainerUrl":"file:/C:/Users/JW/.m2/repository/com/fasterxml/jackson/core/jackson-databind/2.10.0/jackson-databind-2.10.0-javadoc.jar","isSystem":false,"isOwn":false,"isTest":false,"isJavaContent":false},{"kind":"binary","path":"C:\\Users\\JW\\.m2\\repository\\com\\fasterxml\\jackson\\core\\jackson-annotations\\2.10.0\\jackson-annotations-2.10.0.jar","sourceContainerUrl":"file:/C:/Users/JW/.m2/repository/com/fasterxml/jackson/core/jackson-annotations/2.10.0/jackson-annotations-2.10.0-sources.jar","javadocContainerUrl":"file:/C:/Users/JW/.m2/repository/com/fasterxml/jackson/core/jackson-annotations/2.10.0/jackson-annotations-2.10.0-javadoc.jar","isSystem":false,"isOwn":false,"isTest":false,"isJavaContent":false},{"kind":"binary","path":"C:\\Users\\JW\\.m2\\repository\\com\\fasterxml\\jackson\\core\\jackson-core\\2.10.0\\jackson-core-2.10.0.jar","sourceContainerUrl":"file:/C:/Users/JW/.m2/repository/com/fasterxml/jackson/core/jackson-core/2.10.0/jackson-core-2.10.0-sources.jar","javadocContainerUrl":"file:/C:/Users/JW/.m2/repository/com/fasterxml/jackson/core/jackson-core/2.10.0/jackson-core-2.10.0-javadoc.jar","isSystem":false,"isOwn":false,"isTest":false,"isJavaContent":false},{"kind":"binary","path":"C:\\Users\\JW\\.m2\\repository\\com\\fasterxml\\jackson\\datatype\\jackson-datatype-jdk8\\2.10.0\\jackson-datatype-jdk8-2.10.0.jar","sourceContainerUrl":"file:/C:/Users/JW/.m2/repository/com/fasterxml/jackson/datatype/jackson-datatype-jdk8/2.10.0/jackson-datatype-jdk8-2.10.0-sources.jar","javadocContainerUrl":"file:/C:/Users/JW/.m2/repository/com/fasterxml/jackson/datatype/jackson-datatype-jdk8/2.10.0/jackson-datatype-jdk8-2.10.0-javadoc.jar","isSystem":false,"isOwn":false,"isTest":false,"isJavaContent":false},{"kind":"binary","path":"C:\\Users\\JW\\.m2\\repository\\com\\fasterxml\\jackson\\datatype\\jackson-datatype-jsr310\\2.10.0\\jackson-datatype-jsr310-2.10.0.jar","sourceContainerUrl":"file:/C:/Users/JW/.m2/repository/com/fasterxml/jackson/datatype/jackson-datatype-jsr310/2.10.0/jackson-datatype-jsr310-2.10.0-sources.jar","javadocContainerUrl":"file:/C:/Users/JW/.m2/repository/com/fasterxml/jackson/datatype/jackson-datatype-jsr310/2.10.0/jackson-datatype-jsr310-2.10.0-javadoc.jar","isSystem":false,"isOwn":false,"isTest":false,"isJavaContent":false},{"kind":"binary","path":"C:\\Users\\JW\\.m2\\repository\\com\\fasterxml\\jackson\\module\\jackson-module-parameter-names\\2.10.0\\jackson-module-parameter-names-2.10.0.jar","sourceContainerUrl":"file:/C:/Users/JW/.m2/repository/com/fasterxml/jackson/module/jackson-module-parameter-names/2.10.0/jackson-module-parameter-names-2.10.0-sources.jar","javadocContainerUrl":"file:/C:/Users/JW/.m2/repository/com/fasterxml/jackson/module/jackson-module-parameter-names/2.10.0/jackson-module-parameter-names-2.10.0-javadoc.jar","isSystem":false,"isOwn":false,"isTest":false,"isJavaContent":false},{"kind":"binary","path":"C:\\Users\\JW\\.m2\\repository\\org\\springframework\\boot\\spring-boot-starter-tomcat\\2.2.0.RELEASE\\spring-boot-starter-tomcat-2.2.0.RELEASE.jar","sourceContainerUrl":"file:/C:/Users/JW/.m2/repository/org/springframework/boot/spring-boot-starter-tomcat/2.2.0.RELEASE/spring-boot-starter-tomcat-2.2.0.RELEASE-sources.jar","isSystem":false,"isOwn":false,"isTest":false,"isJavaContent":false},{"kind":"binary","path":"C:\\Users\\JW\\.m2\\repository\\org\\apache\\tomcat\\embed\\tomcat-embed-core\\9.0.27\\tomcat-embed-core-9.0.27.jar","sourceContainerUrl":"file:/C:/Users/JW/.m2/repository/org/apache/tomcat/embed/tomcat-embed-core/9.0.27/tomcat-embed-core-9.0.27-sources.jar","isSystem":false,"isOwn":false,"isTest":false,"isJavaContent":false},{"kind":"binary","path":"C:\\Users\\JW\\.m2\\repository\\org\\apache\\tomcat\\embed\\tomcat-embed-el\\9.0.27\\tomcat-embed-el-9.0.27.jar","sourceContainerUrl":"file:/C:/Users/JW/.m2/repository/org/apache/tomcat/embed/tomcat-embed-el/9.0.27/tomcat-embed-el-9.0.27-sources.jar","isSystem":false,"isOwn":false,"isTest":false,"isJavaContent":false},{"kind":"binary","path":"C:\\Users\\JW\\.m2\\repository\\org\\apache\\tomcat\\embed\\tomcat-embed-websocket\\9.0.27\\tomcat-embed-websocket-9.0.27.jar","sourceContainerUrl":"file:/C:/Users/JW/.m2/repository/org/apache/tomcat/embed/tomcat-embed-websocket/9.0.27/tomcat-embed-websocket-9.0.27-sources.jar","isSystem":false,"isOwn":false,"isTest":false,"isJavaContent":false},{"kind":"binary","path":"C:\\Users\\JW\\.m2\\repository\\org\\springframework\\boot\\spring-boot-starter-validation\\2.2.0.RELEASE\\spring-boot-starter-validation-2.2.0.RELEASE.jar","sourceContainerUrl":"file:/C:/Users/JW/.m2/repository/org/springframework/boot/spring-boot-starter-validation/2.2.0.RELEASE/spring-boot-starter-validation-2.2.0.RELEASE-sources.jar","isSystem":false,"isOwn":false,"isTest":false,"isJavaContent":false},{"kind":"binary","path":"C:\\Users\\JW\\.m2\\repository\\jakarta\\validation\\jakarta.validation-api\\2.0.1\\jakarta.validation-api-2.0.1.jar","sourceContainerUrl":"file:/C:/Users/JW/.m2/repository/jakarta/validation/jakarta.validation-api/2.0.1/jakarta.validation-api-2.0.1-sources.jar","javadocContainerUrl":"file:/C:/Users/JW/.m2/repository/jakarta/validation/jakarta.validation-api/2.0.1/jakarta.validation-api-2.0.1-javadoc.jar","isSystem":false,"isOwn":false,"isTest":false,"isJavaContent":false},{"kind":"binary","path":"C:\\Users\\JW\\.m2\\repository\\org\\hibernate\\validator\\hibernate-validator\\6.0.17.Final\\hibernate-validator-6.0.17.Final.jar","sourceContainerUrl":"file:/C:/Users/JW/.m2/repository/org/hibernate/validator/hibernate-validator/6.0.17.Final/hibernate-validator-6.0.17.Final-sources.jar","isSystem":false,"isOwn":false,"isTest":false,"isJavaContent":false},{"kind":"binary","path":"C:\\Users\\JW\\.m2\\repository\\org\\jboss\\logging\\jboss-logging\\3.4.1.Final\\jboss-logging-3.4.1.Final.jar","sourceContainerUrl":"file:/C:/Users/JW/.m2/repository/org/jboss/logging/jboss-logging/3.4.1.Final/jboss-logging-3.4.1.Final-sources.jar","javadocContainerUrl":"file:/C:/Users/JW/.m2/repository/org/jboss/logging/jboss-logging/3.4.1.Final/jboss-logging-3.4.1.Final-javadoc.jar","isSystem":false,"isOwn":false,"isTest":false,"isJavaContent":false},{"kind":"binary","path":"C:\\Users\\JW\\.m2\\repository\\com\\fasterxml\\classmate\\1.5.0\\classmate-1.5.0.jar","sourceContainerUrl":"file:/C:/Users/JW/.m2/repository/com/fasterxml/classmate/1.5.0/classmate-1.5.0-sources.jar","javadocContainerUrl":"file:/C:/Users/JW/.m2/repository/com/fasterxml/classmate/1.5.0/classmate-1.5.0-javadoc.jar","isSystem":false,"isOwn":false,"isTest":false,"isJavaContent":false},{"kind":"binary","path":"C:\\Users\\JW\\.m2\\repository\\org\\springframework\\spring-web\\5.2.0.RELEASE\\spring-web-5.2.0.RELEASE.jar","sourceContainerUrl":"file:/C:/Users/JW/.m2/repository/org/springframework/spring-web/5.2.0.RELEASE/spring-web-5.2.0.RELEASE-sources.jar","javadocContainerUrl":"file:/C:/Users/JW/.m2/repository/org/springframework/spring-web/5.2.0.RELEASE/spring-web-5.2.0.RELEASE-javadoc.jar","isSystem":false,"isOwn":false,"isTest":false,"isJavaContent":false},{"kind":"binary","path":"C:\\Users\\JW\\.m2\\repository\\org\\springframework\\spring-webmvc\\5.2.0.RELEASE\\spring-webmvc-5.2.0.RELEASE.jar","sourceContainerUrl":"file:/C:/Users/JW/.m2/repository/org/springframework/spring-webmvc/5.2.0.RELEASE/spring-webmvc-5.2.0.RELEASE-sources.jar","javadocContainerUrl":"file:/C:/Users/JW/.m2/repository/org/springframework/spring-webmvc/5.2.0.RELEASE/spring-webmvc-5.2.0.RELEASE-javadoc.jar","isSystem":false,"isOwn":false,"isTest":false,"isJavaContent":false},{"kind":"binary","path":"C:\\Users\\JW\\.m2\\repository\\org\\springframework\\spring-aop\\5.2.0.RELEASE\\spring-aop-5.2.0.RELEASE.jar","sourceContainerUrl":"file:/C:/Users/JW/.m2/repository/org/springframework/spring-aop/5.2.0.RELEASE/spring-aop-5.2.0.RELEASE-sources.jar","javadocContainerUrl":"file:/C:/Users/JW/.m2/repository/org/springframework/spring-aop/5.2.0.RELEASE/spring-aop-5.2.0.RELEASE-javadoc.jar","isSystem":false,"isOwn":false,"isTest":false,"isJavaContent":false},{"kind":"binary","path":"C:\\Users\\JW\\.m2\\repository\\org\\springframework\\spring-context\\5.2.0.RELEASE\\spring-context-5.2.0.RELEASE.jar","sourceContainerUrl":"file:/C:/Users/JW/.m2/repository/org/springframework/spring-context/5.2.0.RELEASE/spring-context-5.2.0.RELEASE-sources.jar","javadocContainerUrl":"file:/C:/Users/JW/.m2/repository/org/springframework/spring-context/5.2.0.RELEASE/spring-context-5.2.0.RELEASE-javadoc.jar","isSystem":false,"isOwn":false,"isTest":false,"isJavaContent":false},{"kind":"binary","path":"C:\\Users\\JW\\.m2\\repository\\org\\springframework\\spring-expression\\5.2.0.RELEASE\\spring-expression-5.2.0.RELEASE.jar","sourceContainerUrl":"file:/C:/Users/JW/.m2/repository/org/springframework/spring-expression/5.2.0.RELEASE/spring-expression-5.2.0.RELEASE-sources.jar","javadocContainerUrl":"file:/C:/Users/JW/.m2/repository/org/springframework/spring-expression/5.2.0.RELEASE/spring-expression-5.2.0.RELEASE-javadoc.jar","isSystem":false,"isOwn":false,"isTest":false,"isJavaContent":false},{"kind":"binary","path":"C:\\Users\\JW\\.m2\\repository\\org\\springframework\\boot\\spring-boot-starter-web-services\\2.2.0.RELEASE\\spring-boot-starter-web-services-2.2.0.RELEASE.jar","sourceContainerUrl":"file:/C:/Users/JW/.m2/repository/org/springframework/boot/spring-boot-starter-web-services/2.2.0.RELEASE/spring-boot-starter-web-services-2.2.0.RELEASE-sources.jar","isSystem":false,"isOwn":false,"isTest":false,"isJavaContent":false},{"kind":"binary","path":"C:\\Users\\JW\\.m2\\repository\\com\\sun\\xml\\messaging\\saaj\\saaj-impl\\1.5.1\\saaj-impl-1.5.1.jar","sourceContainerUrl":"file:/C:/Users/JW/.m2/repository/com/sun/xml/messaging/saaj/saaj-impl/1.5.1/saaj-impl-1.5.1-sources.jar","javadocContainerUrl":"file:/C:/Users/JW/.m2/repository/com/sun/xml/messaging/saaj/saaj-impl/1.5.1/saaj-impl-1.5.1-javadoc.jar","isSystem":false,"isOwn":false,"isTest":false,"isJavaContent":false},{"kind":"binary","path":"C:\\Users\\JW\\.m2\\repository\\jakarta\\activation\\jakarta.activation-api\\1.2.1\\jakarta.activation-api-1.2.1.jar","sourceContainerUrl":"file:/C:/Users/JW/.m2/repository/jakarta/activation/jakarta.activation-api/1.2.1/jakarta.activation-api-1.2.1-sources.jar","javadocContainerUrl":"file:/C:/Users/JW/.m2/repository/jakarta/activation/jakarta.activation-api/1.2.1/jakarta.activation-api-1.2.1-javadoc.jar","isSystem":false,"isOwn":false,"isTest":false,"isJavaContent":false},{"kind":"binary","path":"C:\\Users\\JW\\.m2\\repository\\jakarta\\xml\\soap\\jakarta.xml.soap-api\\1.4.1\\jakarta.xml.soap-api-1.4.1.jar","sourceContainerUrl":"file:/C:/Users/JW/.m2/repository/jakarta/xml/soap/jakarta.xml.soap-api/1.4.1/jakarta.xml.soap-api-1.4.1-sources.jar","javadocContainerUrl":"file:/C:/Users/JW/.m2/repository/jakarta/xml/soap/jakarta.xml.soap-api/1.4.1/jakarta.xml.soap-api-1.4.1-javadoc.jar","isSystem":false,"isOwn":false,"isTest":false,"isJavaContent":false},{"kind":"binary","path":"C:\\Users\\JW\\.m2\\repository\\org\\jvnet\\mimepull\\mimepull\\1.9.12\\mimepull-1.9.12.jar","sourceContainerUrl":"file:/C:/Users/JW/.m2/repository/org/jvnet/mimepull/mimepull/1.9.12/mimepull-1.9.12-sources.jar","javadocContainerUrl":"file:/C:/Users/JW/.m2/repository/org/jvnet/mimepull/mimepull/1.9.12/mimepull-1.9.12-javadoc.jar","isSystem":false,"isOwn":false,"isTest":false,"isJavaContent":false},{"kind":"binary","path":"C:\\Users\\JW\\.m2\\repository\\org\\jvnet\\staxex\\stax-ex\\1.8.1\\stax-ex-1.8.1.jar","sourceContainerUrl":"file:/C:/Users/JW/.m2/repository/org/jvnet/staxex/stax-ex/1.8.1/stax-ex-1.8.1-sources.jar","javadocContainerUrl":"file:/C:/Users/JW/.m2/repository/org/jvnet/staxex/stax-ex/1.8.1/stax-ex-1.8.1-javadoc.jar","isSystem":false,"isOwn":false,"isTest":false,"isJavaContent":false},{"kind":"binary","path":"C:\\Users\\JW\\.m2\\repository\\jakarta\\xml\\ws\\jakarta.xml.ws-api\\2.3.2\\jakarta.xml.ws-api-2.3.2.jar","sourceContainerUrl":"file:/C:/Users/JW/.m2/repository/jakarta/xml/ws/jakarta.xml.ws-api/2.3.2/jakarta.xml.ws-api-2.3.2-sources.jar","javadocContainerUrl":"file:/C:/Users/JW/.m2/repository/jakarta/xml/ws/jakarta.xml.ws-api/2.3.2/jakarta.xml.ws-api-2.3.2-javadoc.jar","isSystem":false,"isOwn":false,"isTest":false,"isJavaContent":false},{"kind":"binary","path":"C:\\Users\\JW\\.m2\\repository\\jakarta\\jws\\jakarta.jws-api\\1.1.1\\jakarta.jws-api-1.1.1.jar","sourceContainerUrl":"file:/C:/Users/JW/.m2/repository/jakarta/jws/jakarta.jws-api/1.1.1/jakarta.jws-api-1.1.1-sources.jar","javadocContainerUrl":"file:/C:/Users/JW/.m2/repository/jakarta/jws/jakarta.jws-api/1.1.1/jakarta.jws-api-1.1.1-javadoc.jar","isSystem":false,"isOwn":false,"isTest":false,"isJavaContent":false},{"kind":"binary","path":"C:\\Users\\JW\\.m2\\repository\\org\\springframework\\spring-oxm\\5.2.0.RELEASE\\spring-oxm-5.2.0.RELEASE.jar","sourceContainerUrl":"file:/C:/Users/JW/.m2/repository/org/springframework/spring-oxm/5.2.0.RELEASE/spring-oxm-5.2.0.RELEASE-sources.jar","javadocContainerUrl":"file:/C:/Users/JW/.m2/repository/org/springframework/spring-oxm/5.2.0.RELEASE/spring-oxm-5.2.0.RELEASE-javadoc.jar","isSystem":false,"isOwn":false,"isTest":false,"isJavaContent":false},{"kind":"binary","path":"C:\\Users\\JW\\.m2\\repository\\org\\springframework\\ws\\spring-ws-core\\3.0.7.RELEASE\\spring-ws-core-3.0.7.RELEASE.jar","sourceContainerUrl":"file:/C:/Users/JW/.m2/repository/org/springframework/ws/spring-ws-core/3.0.7.RELEASE/spring-ws-core-3.0.7.RELEASE-sources.jar","javadocContainerUrl":"file:/C:/Users/JW/.m2/repository/org/springframework/ws/spring-ws-core/3.0.7.RELEASE/spring-ws-core-3.0.7.RELEASE-javadoc.jar","isSystem":false,"isOwn":false,"isTest":false,"isJavaContent":false},{"kind":"binary","path":"C:\\Users\\JW\\.m2\\repository\\org\\springframework\\ws\\spring-xml\\3.0.7.RELEASE\\spring-xml-3.0.7.RELEASE.jar","sourceContainerUrl":"file:/C:/Users/JW/.m2/repository/org/springframework/ws/spring-xml/3.0.7.RELEASE/spring-xml-3.0.7.RELEASE-sources.jar","javadocContainerUrl":"file:/C:/Users/JW/.m2/repository/org/springframework/ws/spring-xml/3.0.7.RELEASE/spring-xml-3.0.7.RELEASE-javadoc.jar","isSystem":false,"isOwn":false,"isTest":false,"isJavaContent":false},{"kind":"binary","path":"C:\\Users\\JW\\.m2\\repository\\log4j\\log4j\\1.2.17\\log4j-1.2.17.jar","sourceContainerUrl":"file:/C:/Users/JW/.m2/repository/log4j/log4j/1.2.17/log4j-1.2.17-sources.jar","javadocContainerUrl":"file:/C:/Users/JW/.m2/repository/log4j/log4j/1.2.17/log4j-1.2.17-javadoc.jar","isSystem":false,"isOwn":false,"isTest":false,"isJavaContent":false},{"kind":"binary","path":"C:\\Users\\JW\\.m2\\repository\\org\\mybatis\\spring\\boot\\mybatis-spring-boot-starter\\2.1.1\\mybatis-spring-boot-starter-2.1.1.jar","isSystem":false,"isOwn":false,"isTest":false,"isJavaContent":false},{"kind":"binary","path":"C:\\Users\\JW\\.m2\\repository\\org\\springframework\\boot\\spring-boot-starter-jdbc\\2.2.0.RELEASE\\spring-boot-starter-jdbc-2.2.0.RELEASE.jar","sourceContainerUrl":"file:/C:/Users/JW/.m2/repository/org/springframework/boot/spring-boot-starter-jdbc/2.2.0.RELEASE/spring-boot-starter-jdbc-2.2.0.RELEASE-sources.jar","isSystem":false,"isOwn":false,"isTest":false,"isJavaContent":false},{"kind":"binary","path":"C:\\Users\\JW\\.m2\\repository\\com\\zaxxer\\HikariCP\\3.4.1\\HikariCP-3.4.1.jar","sourceContainerUrl":"file:/C:/Users/JW/.m2/repository/com/zaxxer/HikariCP/3.4.1/HikariCP-3.4.1-sources.jar","javadocContainerUrl":"file:/C:/Users/JW/.m2/repository/com/zaxxer/HikariCP/3.4.1/HikariCP-3.4.1-javadoc.jar","isSystem":false,"isOwn":false,"isTest":false,"isJavaContent":false},{"kind":"binary","path":"C:\\Users\\JW\\.m2\\repository\\org\\springframework\\spring-jdbc\\5.2.0.RELEASE\\spring-jdbc-5.2.0.RELEASE.jar","sourceContainerUrl":"file:/C:/Users/JW/.m2/repository/org/springframework/spring-jdbc/5.2.0.RELEASE/spring-jdbc-5.2.0.RELEASE-sources.jar","javadocContainerUrl":"file:/C:/Users/JW/.m2/repository/org/springframework/spring-jdbc/5.2.0.RELEASE/spring-jdbc-5.2.0.RELEASE-javadoc.jar","isSystem":false,"isOwn":false,"isTest":false,"isJavaContent":false},{"kind":"binary","path":"C:\\Users\\JW\\.m2\\repository\\org\\mybatis\\spring\\boot\\mybatis-spring-boot-autoconfigure\\2.1.1\\mybatis-spring-boot-autoconfigure-2.1.1.jar","sourceContainerUrl":"file:/C:/Users/JW/.m2/repository/org/mybatis/spring/boot/mybatis-spring-boot-autoconfigure/2.1.1/mybatis-spring-boot-autoconfigure-2.1.1-sources.jar","javadocContainerUrl":"file:/C:/Users/JW/.m2/repository/org/mybatis/spring/boot/mybatis-spring-boot-autoconfigure/2.1.1/mybatis-spring-boot-autoconfigure-2.1.1-javadoc.jar","isSystem":false,"isOwn":false,"isTest":false,"isJavaContent":false},{"kind":"binary","path":"C:\\Users\\JW\\.m2\\repository\\org\\mybatis\\mybatis\\3.5.3\\mybatis-3.5.3.jar","sourceContainerUrl":"file:/C:/Users/JW/.m2/repository/org/mybatis/mybatis/3.5.3/mybatis-3.5.3-sources.jar","javadocContainerUrl":"file:/C:/Users/JW/.m2/repository/org/mybatis/mybatis/3.5.3/mybatis-3.5.3-javadoc.jar","isSystem":false,"isOwn":false,"isTest":false,"isJavaContent":false},{"kind":"binary","path":"C:\\Users\\JW\\.m2\\repository\\org\\mybatis\\mybatis-spring\\2.0.3\\mybatis-spring-2.0.3.jar","sourceContainerUrl":"file:/C:/Users/JW/.m2/repository/org/mybatis/mybatis-spring/2.0.3/mybatis-spring-2.0.3-sources.jar","javadocContainerUrl":"file:/C:/Users/JW/.m2/repository/org/mybatis/mybatis-spring/2.0.3/mybatis-spring-2.0.3-javadoc.jar","isSystem":false,"isOwn":false,"isTest":false,"isJavaContent":false},{"kind":"binary","path":"C:\\Users\\JW\\.m2\\repository\\org\\projectlombok\\lombok\\1.18.2\\lombok-1.18.2.jar","sourceContainerUrl":"file:/C:/Users/JW/.m2/repository/org/projectlombok/lombok/1.18.2/lombok-1.18.2-sources.jar","javadocContainerUrl":"file:/C:/Users/JW/.m2/repository/org/projectlombok/lombok/1.18.2/lombok-1.18.2-javadoc.jar","isSystem":false,"isOwn":false,"isTest":false,"isJavaContent":false},{"kind":"binary","path":"C:\\Users\\JW\\.m2\\repository\\com\\oracle\\ojdbc\\ojdbc8\\19.3.0.0\\ojdbc8-19.3.0.0.jar","sourceContainerUrl":"file:/C:/Users/JW/.m2/repository/com/oracle/ojdbc/ojdbc8/19.3.0.0/ojdbc8-19.3.0.0-sources.jar","javadocContainerUrl":"file:/C:/Users/JW/.m2/repository/com/oracle/ojdbc/ojdbc8/19.3.0.0/ojdbc8-19.3.0.0-javadoc.jar","isSystem":false,"isOwn":false,"isTest":false,"isJavaContent":false},{"kind":"binary","path":"C:\\Users\\JW\\.m2\\repository\\com\\oracle\\ojdbc\\ucp\\19.3.0.0\\ucp-19.3.0.0.jar","sourceContainerUrl":"file:/C:/Users/JW/.m2/repository/com/oracle/ojdbc/ucp/19.3.0.0/ucp-19.3.0.0-sources.jar","javadocContainerUrl":"file:/C:/Users/JW/.m2/repository/com/oracle/ojdbc/ucp/19.3.0.0/ucp-19.3.0.0-javadoc.jar","isSystem":false,"isOwn":false,"isTest":false,"isJavaContent":false},{"kind":"binary","path":"C:\\Users\\JW\\.m2\\repository\\com\\oracle\\ojdbc\\oraclepki\\19.3.0.0\\oraclepki-19.3.0.0.jar","sourceContainerUrl":"file:/C:/Users/JW/.m2/repository/com/oracle/ojdbc/oraclepki/19.3.0.0/oraclepki-19.3.0.0-sources.jar","javadocContainerUrl":"file:/C:/Users/JW/.m2/repository/com/oracle/ojdbc/oraclepki/19.3.0.0/oraclepki-19.3.0.0-javadoc.jar","isSystem":false,"isOwn":false,"isTest":false,"isJavaContent":false},{"kind":"binary","path":"C:\\Users\\JW\\.m2\\repository\\com\\oracle\\ojdbc\\osdt_cert\\19.3.0.0\\osdt_cert-19.3.0.0.jar","sourceContainerUrl":"file:/C:/Users/JW/.m2/repository/com/oracle/ojdbc/osdt_cert/19.3.0.0/osdt_cert-19.3.0.0-sources.jar","javadocContainerUrl":"file:/C:/Users/JW/.m2/repository/com/oracle/ojdbc/osdt_cert/19.3.0.0/osdt_cert-19.3.0.0-javadoc.jar","isSystem":false,"isOwn":false,"isTest":false,"isJavaContent":false},{"kind":"binary","path":"C:\\Users\\JW\\.m2\\repository\\com\\oracle\\ojdbc\\osdt_core\\19.3.0.0\\osdt_core-19.3.0.0.jar","sourceContainerUrl":"file:/C:/Users/JW/.m2/repository/com/oracle/ojdbc/osdt_core/19.3.0.0/osdt_core-19.3.0.0-sources.jar","javadocContainerUrl":"file:/C:/Users/JW/.m2/repository/com/oracle/ojdbc/osdt_core/19.3.0.0/osdt_core-19.3.0.0-javadoc.jar","isSystem":false,"isOwn":false,"isTest":false,"isJavaContent":false},{"kind":"binary","path":"C:\\Users\\JW\\.m2\\repository\\com\\oracle\\ojdbc\\simplefan\\19.3.0.0\\simplefan-19.3.0.0.jar","sourceContainerUrl":"file:/C:/Users/JW/.m2/repository/com/oracle/ojdbc/simplefan/19.3.0.0/simplefan-19.3.0.0-sources.jar","javadocContainerUrl":"file:/C:/Users/JW/.m2/repository/com/oracle/ojdbc/simplefan/19.3.0.0/simplefan-19.3.0.0-javadoc.jar","isSystem":false,"isOwn":false,"isTest":false,"isJavaContent":false},{"kind":"binary","path":"C:\\Users\\JW\\.m2\\repository\\com\\oracle\\ojdbc\\ons\\19.3.0.0\\ons-19.3.0.0.jar","sourceContainerUrl":"file:/C:/Users/JW/.m2/repository/com/oracle/ojdbc/ons/19.3.0.0/ons-19.3.0.0-sources.jar","javadocContainerUrl":"file:/C:/Users/JW/.m2/repository/com/oracle/ojdbc/ons/19.3.0.0/ons-19.3.0.0-javadoc.jar","isSystem":false,"isOwn":false,"isTest":false,"isJavaContent":false},{"kind":"binary","path":"C:\\Users\\JW\\.m2\\repository\\org\\apache\\commons\\commons-lang3\\3.4\\commons-lang3-3.4.jar","sourceContainerUrl":"file:/C:/Users/JW/.m2/repository/org/apache/commons/commons-lang3/3.4/commons-lang3-3.4-sources.jar","javadocContainerUrl":"file:/C:/Users/JW/.m2/repository/org/apache/commons/commons-lang3/3.4/commons-lang3-3.4-javadoc.jar","isSystem":false,"isOwn":false,"isTest":false,"isJavaContent":false},{"kind":"binary","path":"C:\\Users\\JW\\.m2\\repository\\com\\oracle\\ojdbc\\orai18n\\19.3.0.0\\orai18n-19.3.0.0.jar","sourceContainerUrl":"file:/C:/Users/JW/.m2/repository/com/oracle/ojdbc/orai18n/19.3.0.0/orai18n-19.3.0.0-sources.jar","javadocContainerUrl":"file:/C:/Users/JW/.m2/repository/com/oracle/ojdbc/orai18n/19.3.0.0/orai18n-19.3.0.0-javadoc.jar","isSystem":false,"isOwn":false,"isTest":false,"isJavaContent":false},{"kind":"binary","path":"C:\\Users\\JW\\.m2\\repository\\org\\springframework\\boot\\spring-boot-starter-test\\2.2.0.RELEASE\\spring-boot-starter-test-2.2.0.RELEASE.jar","sourceContainerUrl":"file:/C:/Users/JW/.m2/repository/org/springframework/boot/spring-boot-starter-test/2.2.0.RELEASE/spring-boot-starter-test-2.2.0.RELEASE-sources.jar","isSystem":false,"isOwn":false,"isTest":false,"isJavaContent":false},{"kind":"binary","path":"C:\\Users\\JW\\.m2\\repository\\org\\springframework\\boot\\spring-boot-test\\2.2.0.RELEASE\\spring-boot-test-2.2.0.RELEASE.jar","sourceContainerUrl":"file:/C:/Users/JW/.m2/repository/org/springframework/boot/spring-boot-test/2.2.0.RELEASE/spring-boot-test-2.2.0.RELEASE-sources.jar","javadocContainerUrl":"file:/C:/Users/JW/.m2/repository/org/springframework/boot/spring-boot-test/2.2.0.RELEASE/spring-boot-test-2.2.0.RELEASE-javadoc.jar","isSystem":false,"isOwn":false,"isTest":false,"isJavaContent":false},{"kind":"binary","path":"C:\\Users\\JW\\.m2\\repository\\org\\springframework\\boot\\spring-boot-test-autoconfigure\\2.2.0.RELEASE\\spring-boot-test-autoconfigure-2.2.0.RELEASE.jar","sourceContainerUrl":"file:/C:/Users/JW/.m2/repository/org/springframework/boot/spring-boot-test-autoconfigure/2.2.0.RELEASE/spring-boot-test-autoconfigure-2.2.0.RELEASE-sources.jar","javadocContainerUrl":"file:/C:/Users/JW/.m2/repository/org/springframework/boot/spring-boot-test-autoconfigure/2.2.0.RELEASE/spring-boot-test-autoconfigure-2.2.0.RELEASE-javadoc.jar","isSystem":false,"isOwn":false,"isTest":false,"isJavaContent":false},{"kind":"binary","path":"C:\\Users\\JW\\.m2\\repository\\com\\jayway\\jsonpath\\json-path\\2.4.0\\json-path-2.4.0.jar","sourceContainerUrl":"file:/C:/Users/JW/.m2/repository/com/jayway/jsonpath/json-path/2.4.0/json-path-2.4.0-sources.jar","javadocContainerUrl":"file:/C:/Users/JW/.m2/repository/com/jayway/jsonpath/json-path/2.4.0/json-path-2.4.0-javadoc.jar","isSystem":false,"isOwn":false,"isTest":false,"isJavaContent":false},{"kind":"binary","path":"C:\\Users\\JW\\.m2\\repository\\net\\minidev\\json-smart\\2.3\\json-smart-2.3.jar","sourceContainerUrl":"file:/C:/Users/JW/.m2/repository/net/minidev/json-smart/2.3/json-smart-2.3-sources.jar","javadocContainerUrl":"file:/C:/Users/JW/.m2/repository/net/minidev/json-smart/2.3/json-smart-2.3-javadoc.jar","isSystem":false,"isOwn":false,"isTest":false,"isJavaContent":false},{"kind":"binary","path":"C:\\Users\\JW\\.m2\\repository\\net\\minidev\\accessors-smart\\1.2\\accessors-smart-1.2.jar","sourceContainerUrl":"file:/C:/Users/JW/.m2/repository/net/minidev/accessors-smart/1.2/accessors-smart-1.2-sources.jar","javadocContainerUrl":"file:/C:/Users/JW/.m2/repository/net/minidev/accessors-smart/1.2/accessors-smart-1.2-javadoc.jar","isSystem":false,"isOwn":false,"isTest":false,"isJavaContent":false},{"kind":"binary","path":"C:\\Users\\JW\\.m2\\repository\\org\\ow2\\asm\\asm\\5.0.4\\asm-5.0.4.jar","sourceContainerUrl":"file:/C:/Users/JW/.m2/repository/org/ow2/asm/asm/5.0.4/asm-5.0.4-sources.jar","javadocContainerUrl":"file:/C:/Users/JW/.m2/repository/org/ow2/asm/asm/5.0.4/asm-5.0.4-javadoc.jar","isSystem":false,"isOwn":false,"isTest":false,"isJavaContent":false},{"kind":"binary","path":"C:\\Users\\JW\\.m2\\repository\\jakarta\\xml\\bind\\jakarta.xml.bind-api\\2.3.2\\jakarta.xml.bind-api-2.3.2.jar","sourceContainerUrl":"file:/C:/Users/JW/.m2/repository/jakarta/xml/bind/jakarta.xml.bind-api/2.3.2/jakarta.xml.bind-api-2.3.2-sources.jar","javadocContainerUrl":"file:/C:/Users/JW/.m2/repository/jakarta/xml/bind/jakarta.xml.bind-api/2.3.2/jakarta.xml.bind-api-2.3.2-javadoc.jar","isSystem":false,"isOwn":false,"isTest":false,"isJavaContent":false},{"kind":"binary","path":"C:\\Users\\JW\\.m2\\repository\\org\\junit\\jupiter\\junit-jupiter\\5.5.2\\junit-jupiter-5.5.2.jar","sourceContainerUrl":"file:/C:/Users/JW/.m2/repository/org/junit/jupiter/junit-jupiter/5.5.2/junit-jupiter-5.5.2-sources.jar","javadocContainerUrl":"file:/C:/Users/JW/.m2/repository/org/junit/jupiter/junit-jupiter/5.5.2/junit-jupiter-5.5.2-javadoc.jar","isSystem":false,"isOwn":false,"isTest":false,"isJavaContent":false},{"kind":"binary","path":"C:\\Users\\JW\\.m2\\repository\\org\\junit\\jupiter\\junit-jupiter-api\\5.5.2\\junit-jupiter-api-5.5.2.jar","sourceContainerUrl":"file:/C:/Users/JW/.m2/repository/org/junit/jupiter/junit-jupiter-api/5.5.2/junit-jupiter-api-5.5.2-sources.jar","javadocContainerUrl":"file:/C:/Users/JW/.m2/repository/org/junit/jupiter/junit-jupiter-api/5.5.2/junit-jupiter-api-5.5.2-javadoc.jar","isSystem":false,"isOwn":false,"isTest":false,"isJavaContent":false},{"kind":"binary","path":"C:\\Users\\JW\\.m2\\repository\\org\\apiguardian\\apiguardian-api\\1.1.0\\apiguardian-api-1.1.0.jar","sourceContainerUrl":"file:/C:/Users/JW/.m2/repository/org/apiguardian/apiguardian-api/1.1.0/apiguardian-api-1.1.0-sources.jar","javadocContainerUrl":"file:/C:/Users/JW/.m2/repository/org/apiguardian/apiguardian-api/1.1.0/apiguardian-api-1.1.0-javadoc.jar","isSystem":false,"isOwn":false,"isTest":false,"isJavaContent":false},{"kind":"binary","path":"C:\\Users\\JW\\.m2\\repository\\org\\opentest4j\\opentest4j\\1.2.0\\opentest4j-1.2.0.jar","sourceContainerUrl":"file:/C:/Users/JW/.m2/repository/org/opentest4j/opentest4j/1.2.0/opentest4j-1.2.0-sources.jar","javadocContainerUrl":"file:/C:/Users/JW/.m2/repository/org/opentest4j/opentest4j/1.2.0/opentest4j-1.2.0-javadoc.jar","isSystem":false,"isOwn":false,"isTest":false,"isJavaContent":false},{"kind":"binary","path":"C:\\Users\\JW\\.m2\\repository\\org\\junit\\platform\\junit-platform-commons\\1.5.2\\junit-platform-commons-1.5.2.jar","sourceContainerUrl":"file:/C:/Users/JW/.m2/repository/org/junit/platform/junit-platform-commons/1.5.2/junit-platform-commons-1.5.2-sources.jar","javadocContainerUrl":"file:/C:/Users/JW/.m2/repository/org/junit/platform/junit-platform-commons/1.5.2/junit-platform-commons-1.5.2-javadoc.jar","isSystem":false,"isOwn":false,"isTest":false,"isJavaContent":false},{"kind":"binary","path":"C:\\Users\\JW\\.m2\\repository\\org\\junit\\jupiter\\junit-jupiter-params\\5.5.2\\junit-jupiter-params-5.5.2.jar","sourceContainerUrl":"file:/C:/Users/JW/.m2/repository/org/junit/jupiter/junit-jupiter-params/5.5.2/junit-jupiter-params-5.5.2-sources.jar","javadocContainerUrl":"file:/C:/Users/JW/.m2/repository/org/junit/jupiter/junit-jupiter-params/5.5.2/junit-jupiter-params-5.5.2-javadoc.jar","isSystem":false,"isOwn":false,"isTest":false,"isJavaContent":false},{"kind":"binary","path":"C:\\Users\\JW\\.m2\\repository\\org\\junit\\jupiter\\junit-jupiter-engine\\5.5.2\\junit-jupiter-engine-5.5.2.jar","sourceContainerUrl":"file:/C:/Users/JW/.m2/repository/org/junit/jupiter/junit-jupiter-engine/5.5.2/junit-jupiter-engine-5.5.2-sources.jar","javadocContainerUrl":"file:/C:/Users/JW/.m2/repository/org/junit/jupiter/junit-jupiter-engine/5.5.2/junit-jupiter-engine-5.5.2-javadoc.jar","isSystem":false,"isOwn":false,"isTest":false,"isJavaContent":false},{"kind":"binary","path":"C:\\Users\\JW\\.m2\\repository\\org\\junit\\platform\\junit-platform-engine\\1.5.2\\junit-platform-engine-1.5.2.jar","sourceContainerUrl":"file:/C:/Users/JW/.m2/repository/org/junit/platform/junit-platform-engine/1.5.2/junit-platform-engine-1.5.2-sources.jar","javadocContainerUrl":"file:/C:/Users/JW/.m2/repository/org/junit/platform/junit-platform-engine/1.5.2/junit-platform-engine-1.5.2-javadoc.jar","isSystem":false,"isOwn":false,"isTest":false,"isJavaContent":false},{"kind":"binary","path":"C:\\Users\\JW\\.m2\\repository\\org\\mockito\\mockito-junit-jupiter\\3.1.0\\mockito-junit-jupiter-3.1.0.jar","sourceContainerUrl":"file:/C:/Users/JW/.m2/repository/org/mockito/mockito-junit-jupiter/3.1.0/mockito-junit-jupiter-3.1.0-sources.jar","javadocContainerUrl":"file:/C:/Users/JW/.m2/repository/org/mockito/mockito-junit-jupiter/3.1.0/mockito-junit-jupiter-3.1.0-javadoc.jar","isSystem":false,"isOwn":false,"isTest":false,"isJavaContent":false},{"kind":"binary","path":"C:\\Users\\JW\\.m2\\repository\\org\\assertj\\assertj-core\\3.13.2\\assertj-core-3.13.2.jar","sourceContainerUrl":"file:/C:/Users/JW/.m2/repository/org/assertj/assertj-core/3.13.2/assertj-core-3.13.2-sources.jar","javadocContainerUrl":"file:/C:/Users/JW/.m2/repository/org/assertj/assertj-core/3.13.2/assertj-core-3.13.2-javadoc.jar","isSystem":false,"isOwn":false,"isTest":false,"isJavaContent":false},{"kind":"binary","path":"C:\\Users\\JW\\.m2\\repository\\org\\hamcrest\\hamcrest\\2.1\\hamcrest-2.1.jar","sourceContainerUrl":"file:/C:/Users/JW/.m2/repository/org/hamcrest/hamcrest/2.1/hamcrest-2.1-sources.jar","javadocContainerUrl":"file:/C:/Users/JW/.m2/repository/org/hamcrest/hamcrest/2.1/hamcrest-2.1-javadoc.jar","isSystem":false,"isOwn":false,"isTest":false,"isJavaContent":false},{"kind":"binary","path":"C:\\Users\\JW\\.m2\\repository\\org\\mockito\\mockito-core\\3.1.0\\mockito-core-3.1.0.jar","sourceContainerUrl":"file:/C:/Users/JW/.m2/repository/org/mockito/mockito-core/3.1.0/mockito-core-3.1.0-sources.jar","javadocContainerUrl":"file:/C:/Users/JW/.m2/repository/org/mockito/mockito-core/3.1.0/mockito-core-3.1.0-javadoc.jar","isSystem":false,"isOwn":false,"isTest":false,"isJavaContent":false},{"kind":"binary","path":"C:\\Users\\JW\\.m2\\repository\\net\\bytebuddy\\byte-buddy\\1.10.1\\byte-buddy-1.10.1.jar","sourceContainerUrl":"file:/C:/Users/JW/.m2/repository/net/bytebuddy/byte-buddy/1.10.1/byte-buddy-1.10.1-sources.jar","javadocContainerUrl":"file:/C:/Users/JW/.m2/repository/net/bytebuddy/byte-buddy/1.10.1/byte-buddy-1.10.1-javadoc.jar","isSystem":false,"isOwn":false,"isTest":false,"isJavaContent":false},{"kind":"binary","path":"C:\\Users\\JW\\.m2\\repository\\net\\bytebuddy\\byte-buddy-agent\\1.10.1\\byte-buddy-agent-1.10.1.jar","sourceContainerUrl":"file:/C:/Users/JW/.m2/repository/net/bytebuddy/byte-buddy-agent/1.10.1/byte-buddy-agent-1.10.1-sources.jar","javadocContainerUrl":"file:/C:/Users/JW/.m2/repository/net/bytebuddy/byte-buddy-agent/1.10.1/byte-buddy-agent-1.10.1-javadoc.jar","isSystem":false,"isOwn":false,"isTest":false,"isJavaContent":false},{"kind":"binary","path":"C:\\Users\\JW\\.m2\\repository\\org\\objenesis\\objenesis\\2.6\\objenesis-2.6.jar","sourceContainerUrl":"file:/C:/Users/JW/.m2/repository/org/objenesis/objenesis/2.6/objenesis-2.6-sources.jar","javadocContainerUrl":"file:/C:/Users/JW/.m2/repository/org/objenesis/objenesis/2.6/objenesis-2.6-javadoc.jar","isSystem":false,"isOwn":false,"isTest":false,"isJavaContent":false},{"kind":"binary","path":"C:\\Users\\JW\\.m2\\repository\\org\\skyscreamer\\jsonassert\\1.5.0\\jsonassert-1.5.0.jar","sourceContainerUrl":"file:/C:/Users/JW/.m2/repository/org/skyscreamer/jsonassert/1.5.0/jsonassert-1.5.0-sources.jar","javadocContainerUrl":"file:/C:/Users/JW/.m2/repository/org/skyscreamer/jsonassert/1.5.0/jsonassert-1.5.0-javadoc.jar","isSystem":false,"isOwn":false,"isTest":false,"isJavaContent":false},{"kind":"binary","path":"C:\\Users\\JW\\.m2\\repository\\com\\vaadin\\external\\google\\android-json\\0.0.20131108.vaadin1\\android-json-0.0.20131108.vaadin1.jar","sourceContainerUrl":"file:/C:/Users/JW/.m2/repository/com/vaadin/external/google/android-json/0.0.20131108.vaadin1/android-json-0.0.20131108.vaadin1-sources.jar","javadocContainerUrl":"file:/C:/Users/JW/.m2/repository/com/vaadin/external/google/android-json/0.0.20131108.vaadin1/android-json-0.0.20131108.vaadin1-javadoc.jar","isSystem":false,"isOwn":false,"isTest":false,"isJavaContent":false},{"kind":"binary","path":"C:\\Users\\JW\\.m2\\repository\\org\\springframework\\spring-core\\5.2.0.RELEASE\\spring-core-5.2.0.RELEASE.jar","sourceContainerUrl":"file:/C:/Users/JW/.m2/repository/org/springframework/spring-core/5.2.0.RELEASE/spring-core-5.2.0.RELEASE-sources.jar","javadocContainerUrl":"file:/C:/Users/JW/.m2/repository/org/springframework/spring-core/5.2.0.RELEASE/spring-core-5.2.0.RELEASE-javadoc.jar","isSystem":false,"isOwn":false,"isTest":false,"isJavaContent":false},{"kind":"binary","path":"C:\\Users\\JW\\.m2\\repository\\org\\springframework\\spring-jcl\\5.2.0.RELEASE\\spring-jcl-5.2.0.RELEASE.jar","sourceContainerUrl":"file:/C:/Users/JW/.m2/repository/org/springframework/spring-jcl/5.2.0.RELEASE/spring-jcl-5.2.0.RELEASE-sources.jar","javadocContainerUrl":"file:/C:/Users/JW/.m2/repository/org/springframework/spring-jcl/5.2.0.RELEASE/spring-jcl-5.2.0.RELEASE-javadoc.jar","isSystem":false,"isOwn":false,"isTest":false,"isJavaContent":false},{"kind":"binary","path":"C:\\Users\\JW\\.m2\\repository\\org\\springframework\\spring-test\\5.2.0.RELEASE\\spring-test-5.2.0.RELEASE.jar","sourceContainerUrl":"file:/C:/Users/JW/.m2/repository/org/springframework/spring-test/5.2.0.RELEASE/spring-test-5.2.0.RELEASE-sources.jar","javadocContainerUrl":"file:/C:/Users/JW/.m2/repository/org/springframework/spring-test/5.2.0.RELEASE/spring-test-5.2.0.RELEASE-javadoc.jar","isSystem":false,"isOwn":false,"isTest":false,"isJavaContent":false},{"kind":"binary","path":"C:\\Users\\JW\\.m2\\repository\\org\\xmlunit\\xmlunit-core\\2.6.3\\xmlunit-core-2.6.3.jar","sourceContainerUrl":"file:/C:/Users/JW/.m2/repository/org/xmlunit/xmlunit-core/2.6.3/xmlunit-core-2.6.3-sources.jar","javadocContainerUrl":"file:/C:/Users/JW/.m2/repository/org/xmlunit/xmlunit-core/2.6.3/xmlunit-core-2.6.3-javadoc.jar","isSystem":false,"isOwn":false,"isTest":false,"isJavaContent":false},{"kind":"binary","path":"C:\\Users\\JW\\.m2\\repository\\commons-fileupload\\commons-fileupload\\1.3.2\\commons-fileupload-1.3.2.jar","sourceContainerUrl":"file:/C:/Users/JW/.m2/repository/commons-fileupload/commons-fileupload/1.3.2/commons-fileupload-1.3.2-sources.jar","javadocContainerUrl":"file:/C:/Users/JW/.m2/repository/commons-fileupload/commons-fileupload/1.3.2/commons-fileupload-1.3.2-javadoc.jar","isSystem":false,"isOwn":false,"isTest":false,"isJavaContent":false},{"kind":"binary","path":"C:\\Users\\JW\\.m2\\repository\\org\\springframework\\data\\spring-data-commons-core\\1.1.0.RELEASE\\spring-data-commons-core-1.1.0.RELEASE.jar","sourceContainerUrl":"file:/C:/Users/JW/.m2/repository/org/springframework/data/spring-data-commons-core/1.1.0.RELEASE/spring-data-commons-core-1.1.0.RELEASE-sources.jar","isSystem":false,"isOwn":false,"isTest":false,"isJavaContent":false},{"kind":"binary","path":"C:\\Users\\JW\\.m2\\repository\\org\\springframework\\spring-beans\\5.2.0.RELEASE\\spring-beans-5.2.0.RELEASE.jar","sourceContainerUrl":"file:/C:/Users/JW/.m2/repository/org/springframework/spring-beans/5.2.0.RELEASE/spring-beans-5.2.0.RELEASE-sources.jar","javadocContainerUrl":"file:/C:/Users/JW/.m2/repository/org/springframework/spring-beans/5.2.0.RELEASE/spring-beans-5.2.0.RELEASE-javadoc.jar","isSystem":false,"isOwn":false,"isTest":false,"isJavaContent":false},{"kind":"binary","path":"C:\\Users\\JW\\.m2\\repository\\org\\springframework\\spring-tx\\5.2.0.RELEASE\\spring-tx-5.2.0.RELEASE.jar","sourceContainerUrl":"file:/C:/Users/JW/.m2/repository/org/springframework/spring-tx/5.2.0.RELEASE/spring-tx-5.2.0.RELEASE-sources.jar","javadocContainerUrl":"file:/C:/Users/JW/.m2/repository/org/springframework/spring-tx/5.2.0.RELEASE/spring-tx-5.2.0.RELEASE-javadoc.jar","isSystem":false,"isOwn":false,"isTest":false,"isJavaContent":false},{"kind":"binary","path":"C:\\Users\\JW\\.m2\\repository\\commons-io\\commons-io\\2.5\\commons-io-2.5.jar","sourceContainerUrl":"file:/C:/Users/JW/.m2/repository/commons-io/commons-io/2.5/commons-io-2.5-sources.jar","javadocContainerUrl":"file:/C:/Users/JW/.m2/repository/commons-io/commons-io/2.5/commons-io-2.5-javadoc.jar","isSystem":false,"isOwn":false,"isTest":false,"isJavaContent":false},{"kind":"source","path":"C:\\Users\\JW\\Desktop\\spring_boot_web\\MiniProject\\src\\main\\java","outputFolder":"C:\\Users\\JW\\Desktop\\spring_boot_web\\MiniProject\\target\\classes","javadocContainerUrl":"file:/C:/Users/JW/Desktop/spring_boot_web/MiniProject/target/site/apidocs","isSystem":false,"isOwn":true,"isTest":false,"isJavaContent":true},{"kind":"source","path":"C:\\Users\\JW\\Desktop\\spring_boot_web\\MiniProject\\src\\test\\java","outputFolder":"C:\\Users\\JW\\Desktop\\spring_boot_web\\MiniProject\\target\\test-classes","javadocContainerUrl":"file:/C:/Users/JW/Desktop/spring_boot_web/MiniProject/target/site/apidocs","isSystem":false,"isOwn":true,"isTest":true,"isJavaContent":true},{"kind":"source","path":"C:\\Users\\JW\\Desktop\\spring_boot_web\\MiniProject\\src\\main\\resources","outputFolder":"C:\\Users\\JW\\Desktop\\spring_boot_web\\MiniProject\\target\\classes","isSystem":false,"isOwn":true,"isTest":false,"isJavaContent":false},{"kind":"source","path":"C:\\Users\\JW\\Desktop\\spring_boot_web\\MiniProject\\src\\test\\resources","outputFolder":"C:\\Users\\JW\\Desktop\\spring_boot_web\\MiniProject\\target\\test-classes","isSystem":false,"isOwn":true,"isTest":true,"isJavaContent":false},{"kind":"source","path":"C:\\Users\\JW\\Desktop\\spring_boot_web\\MiniProject\\src\\test\\java","outputFolder":"C:\\Users\\JW\\Desktop\\spring_boot_web\\MiniProject\\target\\test-classes","javadocContainerUrl":"file:/C:/Users/JW/Desktop/spring_boot_web/MiniProject/target/site/apidocs","isSystem":false,"isOwn":true,"isTest":false,"isJavaContent":false}]}