<?xml version="1.0" encoding="UTF-8"?>
<!DOCTYPE mapper
	PUBLIC "-//mybatis.org//DTDMapper3.0//EN"
	"http://mybatis.org/dtd/mybatis-3-mapper.dtd">

<mapper namespace="com.example.demo.mapper.FileBoardMapper">

	<select id="getFileBoardList" resultType="com.example.demo.bean.FileBoardVO">
		SELECT * FROM file_board
		ORDER BY b_no
	</select>

	<select id="fileBoardDetail" parameterType="int" resultType="com.example.demo.bean.FileBoardVO">
		SELECT * FROM file_board
		WHERE b_no=#{b_no}
	</select>

	<insert id="fileBoardInsert" parameterType="com.example.demo.bean.FileBoardVO" keyProperty="b_no">
		<selectKey keyProperty="b_no" resultType="int" order="BEFORE">
			SELECT file_board_seq.nextval FROM DUAL
		</selectKey>

		INSERT INTO file_board(b_no, title, content, writer, reg_date) 
		VALUES(#{b_no}, #{title}, #{content}, #{writer}, sysdate)
	</insert>

	<insert id="fileInsert" parameterType="com.example.demo.bean.UpdateFileVO">
		INSERT INTO files(f_no, b_no, filename, fileoriginname, fileurl)
		VALUES(files_seq.nextval, #{b_no}, #{filename}, #{fileoriginname}, #{fileurl})
	</insert>

	<update id="fileBoardUpdate" parameterType="com.example.demo.bean.FileBoardVO">
		UPDATE file_board
		SET 
			<if test="title != null">
				title=#{title}
			</if>
			<if test="title != null and content != null">, </if>
			<if test="content != null">
				content=#{content}
			</if>
		 WHERE b_no=#{b_no}
	</update>
	
	<delete id="fileBoardDelete" parameterType="int">
		DELETE FROM file_board 
		WHERE b_no=#{b_no}
	</delete>
	
	<select id="fileDetail" parameterType="int" resultType="com.example.demo.bean.UpdateFileVO">
		SELECT * FROM files
		WHERE b_no=#{b_no}
	</select>
	
</mapper>