{
  "storeList" : [
 {
   "A": "귀신 불고기",
   "B": "서울특별시 서초구 서초4동 사평대로56길 12",
   "C": "02-591-3326",
   "D": "한식",
   "E": "불고기"
 },
 {
   "A": "서초동연가",
   "B": "서울특별시 서초구 서초동 1309",
   "C": "02-591-0281",
   "D": "한식",
   "E": "우거지국밥"
 },
 {
   "A": "인근주민 강남본점",
   "B": "서울 서초구 사평대로56길 14 2층",
   "C": "02-591-2087",
   "D": "한식",
   "E": "파스타"
 },
 {
   "A": "참이맛감자탕 강남점",
   "B": "서울 서초구 서초동 1302-44",
   "C": "02-3481-3399",
   "D": "한식",
   "E": "감자탕"
 },
 {
   "A": "아빠곰탕 강남점",
   "B": "서울 서초구 서초동 1302-2",
   "C": "02-3482-1224",
   "D": "한식",
   "E": "곰탕"
 },
 {
   "A": "서가앤쿡(주)나인오키드",
   "B": "서울 서초구 서초동 1307-4",
   "C": "02-3482-0959",
   "D": "양식",
   "E": "스테이크"
 },
 {
   "A": "강남교자 본점",
   "B": "서울 서초구 강남대로69길 11 삼미빌딩",
   "C": "02-536-4133",
   "D": "한식",
   "E": "칼국수"
 },
 {
   "A": "제주흑다돈 강남직영점",
   "B": "서울 서초구 강남대로65길 10",
   "C": "02-3482-2090",
   "D": "한식",
   "E": "삼겹살"
 },
 {
   "A": "에머이 강남대로점",
   "B": "서울 서초구 강남대로65길 12 1층 에머이",
   "C": "02-534-7174",
   "D": "동남아식",
   "E": "쌀국수"
 },
 {
   "A": "장꼬방",
   "B": "서울 서초구 강남대로61길 27",
   "C": "02-597-5511",
   "D": "한식",
   "E": "단팥죽"
 },
 {
   "A": "주식회사 맛있는이야기 노랑저고리",
   "B": "서울 서초구 서초대로73길 9 타임빌딩 5층",
   "C": "02-534-5300",
   "D": "한식",
   "E": "노랑정식"
 },
 {
   "A": "나인로드피제리아 강남점",
   "B": "서울 서초구 서초대로73길 1",
   "C": "02-535-8128",
   "D": "양식",
   "E": "피자"
 },
 {
   "A": "㈜이춘복스시강남",
   "B": "서울 서초구 서초동 1317",
   "C": "02-591-4558",
   "D": "일식",
   "E": "스시"
 },
 {
   "A": "메콩타이 서초구청점",
   "B": "서초동 1355-17 서초디오빌 1층 106호",
   "C": "02-586-1411",
   "D": "동남아식",
   "E": "쌀국수"
 },
 {
   "A": "하루하루 샤브샤브",
   "B": "서초동 1317-20 아라타워 2층",
   "C": "02-595-4952",
   "D": "한식",
   "E": "샤브샤브"
 },
 {
   "A": "연타발 강남역점",
   "B": "서초동 1317-20 아라타워 B1",
   "C": "02-536-9282",
   "D": "한식",
   "E": "등심"
 },
 {
   "A": "강가",
   "B": "서초동 1320 - 10 삼성전자사옥 지하1층층 ",
   "C": "02-2055-3610",
   "D": "양식",
   "E": "인도요리"
 },
 {
   "A": "소만옥",
   "B": "서초동 1320 - 10 지하1층 ",
   "C": "02-587-9005",
   "D": "한식",
   "E": "갈비탕"
 },
 {
   "A": "사리원 서초점",
   "B": "서울 서초구 서초동 1321-7",
   "C": "02-3474-5005",
   "D": "한식",
   "E": "불고기"
 },
 {
   "A": "강남정",
   "B": "서초동 1327 - 13 B101호",
   "C": "02-584-8221",
   "D": "한식",
   "E": "한우가마솥국밥"
 },
 {
   "A": "서동한우 강남점",
   "B": "서울 서초구 서초동 1327-29 2층",
   "C": "02-3474-9297",
   "D": "한식",
   "E": "한우구이"
 },
 {
   "A": "모랑해물솥밥 강남본점",
   "B": "서초동 1328 - 11 대우도씨에빛2 212호",
   "C": "02-521-3980",
   "D": "한식",
   "E": "해물돌솥밥"
 },
 {
   "A": "해우담 서초점",
   "B": "서초동 1329 - 4 우남빌딩 지하1층",
   "C": "02-522-4211",
   "D": "한식",
   "E": "해산물한정식"
 },
 {
   "A": "봉피양 서초점",
   "B": "서울 서초구 서초동 1330 코아텔 1층",
   "C": "02-587-7018",
   "D": "한식",
   "E": "냉면"
 },
 {
   "A": "더하누",
   "B": "서울 서초구 서초동 1330-4",
   "C": "02-584-9392",
   "D": "한식",
   "E": "등심"
 },
 {
   "A": "됐소 강남점",
   "B": "서울 서초구 서초동 1330-15",
   "C": "02-586-8588",
   "D": "한식",
   "E": "등심(안심)"
 },
 {
   "A": "두껍삼 강남직영점",
   "B": "서울 서초구 서초동 1330-16",
   "C": "02-585-3592",
   "D": "한식",
   "E": "숙성삼겹살"
 },
 {
   "A": "초선과여포",
   "B": "서초동 1330 - 16 201호 ",
   "C": "02-525-9890",
   "D": "중식",
   "E": "깐쇼새우"
 },
 {
   "A": "삼성각",
   "B": "서울 서초구 서초대로78길 42 현대기림오피텔",
   "C": "02-598-7779",
   "D": "중식",
   "E": "전가복"
 },
 {
   "A": "조선횟집 서초점",
   "B": "서초동 1331 - 2 2층",
   "C": "02-587-8855",
   "D": "일식",
   "E": "제철회코스요리"
 },
 {
   "A": "한라담 강남역점",
   "B": "서울 서초구 서초동 1331-2",
   "C": "02-587-4433",
   "D": "한식",
   "E": "한우모듬구이"
 },
 {
   "A": "온끼 미역국정찬",
   "B": "서초동 1337 101호",
   "C": "02-583-7709",
   "D": "한식",
   "E": "미역국정찬"
 },
 {
   "A": "진상 서초점",
   "B": "서초동 1337 - 3 강남역 푸르지오시티 지하1층 ",
   "C": "02-581-0092",
   "D": "한식",
   "E": "샤브샤브"
 },
 {
   "A": "(주)미가미",
   "B": "서울 서초구 강남대로 331 서초동 광일빌딩",
   "C": "02-522-6522",
   "D": "일식",
   "E": "한식"
 },
 {
   "A": "삼호복집",
   "B": "서울 서초구 서초동 1338-10",
   "C": "02-3474-3533",
   "D": "한식",
   "E": "복지리"
 },

 {
   "A": "꼴더덕꼴더덕",
   "B": "서울 서초구 효령로 256",
   "C": "02-3471-5550",
   "D": "한식",
   "E": "설렁탕"
 },
 {
   "A": "남강메기 서초직영점",
   "B": "서울 서초구 효령로 428 광림빌딩",
   "C": "02-598-6800",
   "D": "한식",
   "E": "메기매운탕"
 },
 {
   "A": "듬북담북(뱅뱅점)",
   "B": "서초동 1340 - 3 (1층) ",
   "C": "02-525-8689",
   "D": "한식",
   "E": "북어국"
 },
 {
   "A": "서초버드나무집",
   "B": "서초동 1340 - 5  ",
   "C": "02-3473-4167",
   "D": "한식",
   "E": "갈비탕"
 },
 {
   "A": "육갑식당",
   "B": "서초동 1340 - 14",
   "C": "02-588-8292",
   "D": "한식",
   "E": "육갑꽃살"
 },
 {
   "A": "한국수",
   "B": "서초동 1341 - 7 1층",
   "C": "02-568-5972",
   "D": "한식",
   "E": "팔도면요리"
 },
 {
   "A": "춘향골 추어탕",
   "B": "서울특별시 서초구 서초2동 1342-7",
   "C": "02-3472-0050",
   "D": "한식",
   "E": "추어탕"
 },
 {
   "A": "오곡채(시골보쌈&오곡곤드레)",
   "B": "서울 서초구 서초동 1343-7 1층",
   "C": "02-588-2232",
   "D": "한식",
   "E": "보쌈"
 },
 {
   "A": "(주)명선헌",
   "B": "서울 서초구 서초동 1344-12 원진빌딩 1층",
   "C": "02-587-2942",
   "D": "한식",
   "E": "한정식"
 },
 {
   "A": "동해일식(서초동뱅뱅사거리)",
   "B": "서울특별시 서초구 서초2동 1357-33",
   "C": "02-3472-5838",
   "D": "일식",
   "E": "일식"
 },
 {
   "A": "한촌설렁탕",
   "B": "서초동 1359 - 13 (지상1층)",
   "C": "02-525-0225",
   "D": "한식",
   "E": "설렁탕"
 },
 {
   "A": "황금빛 마을",
   "B": "서초동 1359 - 22, 1층",
   "C": "02-521-4040",
   "D": "한식",
   "E": "한식요리"
 },
 {
   "A": "서초복집",
   "B": "서초동 1363 - 4 양재빌딩 2층 ",
   "C": "02-581-2362",
   "D": "한식",
   "E": "복지리"
 },
 {
   "A": "자인뭉티기",
   "B": "서초동 1363 - 7 1층",
   "C": "02-597-2158",
   "D": "한식",
   "E": "한우등심"
 },
 {
   "A": "청정횟집",
   "B": "서초동 1363 - 25 B101호",
   "C": "02-581-5886",
   "D": "일식",
   "E": "활어회"
 },
 {
   "A": "순남시래기",
   "B": "서초동 1363 - 25 지하1층 103-1호",
   "C": "02-582-5044",
   "D": "한식",
   "E": "시래기국"
 },
 {
   "A": "신가예촌",
   "B": "서울 서초구 서운로 12-1",
   "C": "010-5341-0986",
   "D": "한식",
   "E": "전골,갈비살"
 },
 {
   "A": "진주청국장",
   "B": "서초동 1365 - 22  ",
   "C": "02-525-6919",
   "D": "한식",
   "E": "청국장"
 },
 {
   "A": "수미관",
   "B": "서초동 1427-5 청산빌딩",
   "C": "02-582-0707",
   "D": "한식",
   "E": "곰탕"
 },
 {
   "A": "부일갈비",
   "B": "서울 서초구 서초동 1427-6",
   "C": "02-3482-3112",
   "D": "한식",
   "E": "갈비탕"
 },
 {
   "A": "장강",
   "B": "서울 서초구 남부순환로339길 33 송하빌딩",
   "C": "02-598-9662",
   "D": "중식",
   "E": "자장면, 짬뽕 등"
 },
 {
   "A": "완산골명가 남부터미널점",
   "B": "서초동 1441 - 1 (지상1층) ",
   "C": "02-525-0049",
   "D": "한식",
   "E": "국밥"
 },
 {
   "A": "신선설농탕",
   "B": "서초동 1443 - 8 1층 ",
   "C": "02-3473-1155",
   "D": "한식",
   "E": "설렁탕"
 },
 {
   "A": "드마리스다이닝",
   "B": "서울 서초구 서초중앙로 18 B1 드마리스다이닝",
   "C": "02-3474-0041",
   "D": "뷔페식",
   "E": "뷔페"
 },
 {
   "A": "선궁",
   "B": "서울 서초구 반포대로 22 서초평화빌딩",
   "C": "02-597-1397",
   "D": "중식",
   "E": "중국요리"
 },
 {
   "A": "서초갈비",
   "B": "서초동 1451 - 77 2층 ",
   "C": "02-582-2988",
   "D": "한식",
   "E": "등심"
 },
 {
   "A": "백년옥신관",
   "B": "서울 서초구 남부순환로323길 1 다모성갤러리",
   "C": "02-586-8979",
   "D": "한식",
   "E": "한정식"
 },
 {
   "A": "소들녘 서초점",
   "B": "서울 서초구 서초동 1485-5",
   "C": "02-583-0505",
   "D": "한식",
   "E": "소불고기"
 },
 {
   "A": "da Pitta(다 피타)",
   "B": "서울 서초구 효령로 202 서초빌딩",
   "C": "02-523-5147",
   "D": "양식",
   "E": "파스타,피자"
 },
 {
   "A": "영변",
   "B": "서초동 1503-13 영변빌딩",
   "C": "02-583-1123",
   "D": "일식",
   "E": "회정식"
 },
 {
   "A": "신박사 콩사랑",
   "B": "서초동 1503 - 15 1층",
   "C": "02-588-8862",
   "D": "한식",
   "E": "순두부,콩국수"
 },
 {
   "A": "다피타(da pitta)",
   "B": "서초동 1503-16",
   "C": "02-523-5147",
   "D": "양식",
   "E": "파스타,피자"
 },
 {
   "A": "서초정육식당",
   "B": "서초동 1503 - 19  ",
   "C": "02-588-0290",
   "D": "한식",
   "E": "등심"
 },
 {
   "A": "수원본갈비 서초점",
   "B": "서초동 1511 - 12  ",
   "C": "02-521-1727",
   "D": "한식",
   "E": "감자탕"
 },
 {
   "A": "디토",
   "B": "서울 서초구 서초동 1516-2",
   "C": "02-3471-7021",
   "D": "양식",
   "E": "스테이크,파스타"
 },
 {
   "A": "진도울돌목가는길",
   "B": "서초동 1540 - 1",
   "C": "02-521-6032",
   "D": "한식",
   "E": "한정식"
 },
 {
   "A": "미유끼",
   "B": "서울 서초구 반포대로 111 보광빌딩",
   "C": "02-532-3399",
   "D": "일식",
   "E": "광어회"
 },
 {
   "A": "조랭이 부대찌개",
   "B": "서초동 1542 - 11  ",
   "C": "02-583-2776",
   "D": "한식",
   "E": "부대찌개"
 },
 {
   "A": "미각정육식당",
   "B": "서초동 1543 - 1  ",
   "C": "02-585-9095",
   "D": "한식",
   "E": "생등심"
 },
 {
   "A": "포메인서초점",
   "B": "서초동 1543 - 8",
   "C": "02-521-0722",
   "D": "한식",
   "E": "쌀국수"
 },
 {
   "A": "부산아지매국밥 서초역점",
   "B": "서초동 1544 - 2, 1층 ",
   "C": "02-582-9882",
   "D": "한식",
   "E": "전복회정식"
 },
 {
   "A": "서초 불쭈꾸미",
   "B": "서초동 1552 - 6 지상1층 ",
   "C": "02-3486-9994",
   "D": "한식",
   "E": "설렁탕"
 },
 {
   "A": "리향",
   "B": "서초동 1552 - 7",
   "C": "02-525-3580",
   "D": "중식",
   "E": "중화요리"
 },
 {
   "A": "가조고향마을",
   "B": "서초동 1552 - 16 1층 ",
   "C": "02-584-0199",
   "D": "한식",
   "E": "등심"
 },
 {
   "A": "초원복집",
   "B": "서초동 1552 - 18 1층 ",
   "C": "02-598-3654",
   "D": "한식",
   "E": "복요리"
 },
 {
   "A": "향나무집",
   "B": "서초동 1553 - 14 지상1층 ",
   "C": "02-597-5554",
   "D": "한식",
   "E": "낙지,홍어찜"
 },
 {
   "A": "서귀포 오분작 뚝배기",
   "B": "서초동 1555 - 2 1,2층 ",
   "C": "02-523-9898",
   "D": "한식",
   "E": "해물찜, 해물돌솥밥"
 },
 {
   "A": "서초면옥",
   "B": "서초동 1557 - 7 (지상1층 가호)",
   "C": "02-522-1422",
   "D": "한식",
   "E": "냉면,갈비찜"
 },
 {
   "A": "우리바다생태찌개",
   "B": "서초동 1564 - 12 1층 ",
   "C": "02-582-0128",
   "D": "한식",
   "E": "생태찌개"
 },
 {
   "A": "하남돼지집 교대점",
   "B": "서초동 1567 - 8 1층 ",
   "C": "02-3473-9282",
   "D": "한식",
   "E": "고기류"
 },
 {
   "A": "나나마구로",
   "B": "서초동 1571 - 6 1층, 2층 ",
   "C": "02-582-5674",
   "D": "일식",
   "E": "참치회"
 },
 {
   "A": "옛날전통육개장 전문점 육대장 한방보쌈·전골",
   "B": "서초동 1571 - 17 1층",
   "C": "02-6959-7889",
   "D": "한식",
   "E": "육개장"
 },
 {
   "A": "원당",
   "B": "서초동 1571 - 26  ",
   "C": "02-583-3333",
   "D": "한식",
   "E": "감자탕"
 },
 {
   "A": "서초 장어타운",
   "B": "서초동 1571 - 30 3층,4층 ",
   "C": "02-521-6934",
   "D": "한식",
   "E": "장어"
 },
 {
   "A": "모악정",
   "B": "서초동 1572 - 18 지하1층",
   "C": "02-584-1132",
   "D": "한식",
   "E": "해물삼합"
 },
 {
   "A": "봉추찜닭",
   "B": "서초동 1574 - 6  101호",
   "C": "02-584-6981",
   "D": "한식",
   "E": "찜닭"
 },
 {
   "A": "호화반점",
   "B": "서울 서초구 반포대로22길 100 삼덕빌딩",
   "C": "02-521-1392",
   "D": "중식",
   "E": "자장면"
 },
 {
   "A": "한우플러스",
   "B": "서초동 1576 - 9 지산빌딩 2층",
   "C": "02-522-6457",
   "D": "한식",
   "E": "등심"
 },
 {
   "A": "크래버 대게나라",
   "B": "서초동 1582 - 16 1층 ",
   "C": "02-525-9779",
   "D": "한식",
   "E": "대게요리"
 },
 {
   "A": "앨리스가든 플라워앤티하우스",
   "B": "서초동 1584 - 7 지상1층",
   "C": "02-583-5658",
   "D": "한식",
   "E": "문어장비빔밥,한정식"
 },
 {
   "A": "삼대나주곰탕",
   "B": "서초동 1585 - 18 101,102,103,104",
   "C": "02-583-3433",
   "D": "한식",
   "E": "곰탕"
 },
 {
   "A": "서초아구찜",
   "B": "서초동 1588 - 8  ",
   "C": "02-522-3673",
   "D": "한식",
   "E": "아구찜"
 },
 {
   "A": "국수명가",
   "B": "서초동 1588 - 13  ",
   "C": "02-3473-0045",
   "D": "한식",
   "E": "국수"
 },
 {
   "A": "든든한우家",
   "B": "서초동 1591 - 11 2,3층 ",
   "C": "02-586-4000",
   "D": "한식",
   "E": "등심"
 },
 {
   "A": "함평한우 정육식당",
   "B": "서초동 1595 - 6  ",
   "C": "02-582-2828",
   "D": "한식",
   "E": "등심"
 },
 {
   "A": "늘푸름홍천한우",
   "B": "서초동 1595 - 8 2층일부,3층일부 ",
   "C": "02-586-0513",
   "D": "한식",
   "E": "등심"
 },
 {
   "A": "동수원갈비",
   "B": "서초동 1601 - 1 샤르망 지하1층 B01호~B04호, B05호일부 ",
   "C": "02-588-7060",
   "D": "한식",
   "E": "왕갈비"
 },
 {
   "A": "우작설렁탕",
   "B": "서초동 1621 - 5  ",
   "C": "02-584-8544",
   "D": "한식",
   "E": "설렁탕"
 },
 {
   "A": "애향",
   "B": "서초동 1676 - 4  1층",
   "C": "02-583-8182",
   "D": "일식",
   "E": "남도계절음식"
 },
 {
   "A": "주식회사 서석대",
   "B": "서초동 1678 - 1 서초동동아빌라트 1타운 1층 101호일부 ",
   "C": "02-584-0990",
   "D": "한식",
   "E": "한식"
 },
 {
   "A": "용수산 아크로비스타점",
   "B": "서초동 1685 - 3 아크로비스타 지하1층 에이-112호",
   "C": "02-591-9674",
   "D": "한식",
   "E": "한정식"
 },
 {
   "A": "늘봄웰봄",
   "B": "서초동 1685 - 3 아크로비스타지하1층지하A-105,A-106,A-107호 ",
   "C": "02-599-8804",
   "D": "한식",
   "E": "등심"
 },
 {
   "A": "미타니야 교대역점",
   "B": "서초동 1685 - 8, G5센트럴프라자 1층 128~130호",
   "C": "02-535-6001",
   "D": "일식",
   "E": "우동,돈까스"
 },
 {
   "A": "서초보쌈",
   "B": "서초동 1689 - 6  ",
   "C": "02-537-6201",
   "D": "한식",
   "E": "보쌈"
 },
 {
   "A": "태평양일식별관",
   "B": "서초동 1691 - 1 지하1층, 지상2층 ",
   "C": "02-599-8564",
   "D": "일식",
   "E": "모듬회"
 },
 {
   "A": "교대강릉집",
   "B": "서울 서초구 서초대로 305 재영빌딩",
   "C": "02-532-8001",
   "D": "한식",
   "E": "회무침"
 },
 {
   "A": "신태평양",
   "B": "서초동 1692 - 4 지하1층 가호",
   "C": "02-534-0354",
   "D": "일식",
   "E": "모듬회"
 },
 {
   "A": "설국",
   "B": "서초동 1694 - 22 (1층) ",
   "C": "02-3476-8007",
   "D": "일식",
   "E": "회정식"
 },
 {
   "A": "엉터리생고기 교대역점",
   "B": "서초동 1696 - 13 애니빌딩1층 ",
   "C": "02-596-8009",
   "D": "한식",
   "E": "삼겹살"
 },
 {
   "A": "빛고을으뜸추어탕",
   "B": "서초동 1697 - 15, 1층",
   "C": "02-537-0156",
   "D": "한식",
   "E": "추어탕"
 },
 {
   "A": "만경생태",
   "B": "서초동 1697 - 16 1층",
   "C": "02-3482-3661",
   "D": "한식",
   "E": "동태탕"
 },
 {
   "A": "송학횟집",
   "B": "서초동 1699 - 2",
   "C": "02-595-8822",
   "D": "일식",
   "E": "회"
 },
 {
   "A": "기와집순두부",
   "B": "서초동 1699 - 13  ",
   "C": "02-599-0579",
   "D": "한식",
   "E": "순두부"
 },
 {
   "A": "한우명가 노고단",
   "B": "서초동 1704 - 1 정곡빌딩 동관 지하15호 ",
   "C": "02-973-9792",
   "D": "한식",
   "E": "불고기"
 },
 {
   "A": "황궁",
   "B": "서초동 1705 정곡빌딩서관 지하1층 ",
   "C": "02-599-8078",
   "D": "중식",
   "E": "중국요리"
 },
 {
   "A": "남도미락",
   "B": "서초동 1706 - 12 승소빌딩 지하1층 ",
   "C": "02-593-1100",
   "D": "한식",
   "E": "청국장"
 },
 {
   "A": "대나무골한정식",
   "B": "서초동 1709 - 4  ",
   "C": "02-533-8410",
   "D": "한식",
   "E": "한정식"
 },
 {
   "A": "램하우스 서초법원점",
   "B": "서초동 1713 - 4 ,5,6 (202호) ",
   "C": "02-3476-0678",
   "D": "한식",
   "E": "양갈비"
 },
 {
   "A": "우밀면옥 교대점",
   "B": "서초동 1713 - 4",
   "C": "02-596-3770",
   "D": "한식",
   "E": "평양냉면"
 },
 {
   "A": "장원전주한정식",
   "B": "서초동 1714 - 16  ",
   "C": "02-593-8449",
   "D": "한식",
   "E": "한정식"
 },
 {
   "A": "이남장(서초점)",
   "B": "서초동 1715 - 1 지상1,2,3층 ",
   "C": "02-592-0268",
   "D": "한식",
   "E": "설렁탕"
 },
 {
   "A": "서초원",
   "B": "서초동 1715-10 남촌빌딩 B1",
   "C": "02-596-0928",
   "D": "한식",
   "E": "한정식"
 },
 {
   "A": "전주가",
   "B": "서초동 1717-4",
   "C": "02-3477-1389",
   "D": "한식",
   "E": "한정식"
 },
 {
   "A": "북해도",
   "B": "서초동 1717-12 대신빌딩",
   "C": "02-532-0933",
   "D": "일식",
   "E": "회정식"
 },
 {
   "A": "오발탄",
   "B": "서초동 1720 - 1 1,2,3층 ",
   "C": "02-591-6657",
   "D": "한식",
   "E": "양대창구이"
 },
 {
   "A": "오선채",
   "B": "서울 서초구 양재동 1-23",
   "C": "02-578-9411",
   "D": "한식",
   "E": "한정식"
 },
 {
   "A": "일품헌",
   "B": "양재동 1 - 28, 성원빌딩 가동 1층,2층",
   "C": "02-574-7117",
   "D": "한식",
   "E": "샤브샤브"
 },
 {
   "A": "별난횟집양재점",
   "B": "양재동 5 - 25, 1층,2층",
   "C": "02-571-2224",
   "D": "일식",
   "E": "활어"
 },
 {
   "A": "갈비사랑",
   "B": "양재동 14 - 3 지층,지상2,3,4,5층 ",
   "C": "02-3463-6800",
   "D": "한식",
   "E": "돼지갈비"
 },
 {
   "A": "백마 김씨네",
   "B": "양재동 14 - 14 2층",
   "C": "02-3463-9255",
   "D": "한식",
   "E": "소고기 국밥"
 },
 {
   "A": "청정해참치",
   "B": "양재동 23 환승주차장 201호",
   "C": "02-577-4419",
   "D": "일식",
   "E": "참치회"
 },
 {
   "A": "동신참치양재직영점",
   "B": "양재동 24 (지하 1층)",
   "C": "02-529-7130",
   "D": "일식",
   "E": "참치회"
 },
 {
   "A": "디오디아",
   "B": "양재동 24 스포타임 5층",
   "C": "02-526-8700",
   "D": "뷔페식",
   "E": "뷔페"
 },
 {
   "A": "구이마마",
   "B": "양재동 114 1층 ",
   "C": "02-575-7449",
   "D": "한식",
   "E": "생삼겹"
 },
 {
   "A": "The Park(뷔페식당)",
   "B": "양재동 202 서울교육문화회관",
   "C": "02-526-9562",
   "D": "뷔페식",
   "E": "뷔페"
 },
 {
   "A": "화돌지리산농장",
   "B": "양재동 204 1층 ",
   "C": "02-575-1858",
   "D": "한식",
   "E": "오리로스"
 },
 {
   "A": "배나무골오리집 양재본점",
   "B": "양재동 241 - 3  ",
   "C": "02-571-5252",
   "D": "한식",
   "E": "오리"
 },
 {
   "A": "어진",
   "B": "양재동 242 -4",
   "C": "02-2058-2933",
   "D": "한식",
   "E": "해물탕"
 },
 {
   "A": "행복밥상",
   "B": "양재동 267 - 2 지하1층",
   "C": "02-536-8825",
   "D": "한식",
   "E": "비빔밥"
 },
 {
   "A": "평가옥",
   "B": "양재동 277 - 2 1층,2층 ",
   "C": "02-3462-1577",
   "D": "한식",
   "E": "평양냉면"
 },
 {
   "A": "THE초원정육식당",
   "B": "양재동 288 - 1 1,2층",
   "C": "02-573-5598",
   "D": "한식",
   "E": "등심"
 },
 {
   "A": "해늘찹쌀순대",
   "B": "서울특별시 서초구 양재동 289-8",
   "C": "02-573-8292",
   "D": "한식",
   "E": "찹쌀순대"
 },
 {
   "A": "한촌설렁탕 양재점",
   "B": "양재동 289 - 9  ",
   "C": "02-574-6767",
   "D": "한식",
   "E": "설렁탕"
 },
 {
   "A": "사랑채 양재본점",
   "B": "양재동 320 - 4",
   "C": "02-572-0352",
   "D": "한식",
   "E": "한정식"
 },
 {
   "A": "약초마을",
   "B": "서울특별시 서초구 양재동 353-5",
   "C": "02-577-5551",
   "D": "한식",
   "E": "삼계탕"
 },
 {
   "A": "소호정",
   "B": "양재동 392 - 11 (1, 2층)",
   "C": "02-579-7282",
   "D": "한식",
   "E": "국수"
 },
 {
   "A": "황태마을",
   "B": "우면동 13-9",
   "C": "02-573-8926",
   "D": "한식",
   "E": "황태구이"
 },
 {
   "A": "정여사 손칼국수",
   "B": "우면동 64 - 2  201호",
   "C": "02-544-2000",
   "D": "한식",
   "E": "칼국수"
 },
 {
   "A": "여의도생고기",
   "B": "내곡동 1 - 273 (지상1층)",
   "C": "02-6339-7299",
   "D": "한식",
   "E": "생고기"
 },
 {
   "A": "카페피노",
   "B": "서울 서초구 내곡동 1-2299",
   "C": "02-445-0417",
   "D": "한식",
   "E": "연잎밥"
 },
 {
   "A": "맷돌로만청계산점",
   "B": "서울 서초구 신원동 192-12",
   "C": "02-574-9691",
   "D": "한식",
   "E": "순두부찌개"
 },
 {
   "A": "청계산곤드레집 본관",
   "B": "신원동 195 - 16 1층, 2층",
   "C": "02-574-4542",
   "D": "한식",
   "E": "곤드레나물밥"
 },
 {
   "A": "영주축협 한우프라자 청계산역점",
   "B": "신원동 270-10",
   "C": "02-579-9292",
   "D": "한식",
   "E": "한우생등심"
 },
 {
   "A": "서울만남의광장휴게소 한식당",
   "B": "원지동 10 - 16 서울만남의광장휴게소 한식당 ",
   "C": "02-578-3372",
   "D": "한식",
   "E": "국밥, 찌개"
 },
 {
   "A": "웰빙마을 청계산점",
   "B": "원지동 375 1층",
   "C": "02-573-0143",
   "D": "한식",
   "E": "삼겹살"
 },
 {
   "A": "청계산 명가",
   "B": "원지동 377 - 4 (1층)",
   "C": "02-571-1474",
   "D": "한식",
   "E": "국수"
 },
 {
   "A": "조선면옥",
   "B": "원지동 379 - 4 2층",
   "C": "02-2057-5526",
   "D": "한식",
   "E": "냉면"
 },
 {
   "A": "유라한정식",
   "B": "원지동 412 - 2 1층",
   "C": "02-574-2101",
   "D": "한식",
   "E": "굴비정식"
 },
 {
   "A": "들밥나들이",
   "B": "원지동 414 - 10 (1층)",
   "C": "02-574-9949",
   "D": "한식",
   "E": "한정식"
 },
 {
   "A": "동지섣달 꽃본듯이",
   "B": "서울 서초구 원지동 419",
   "C": "02-571-9334",
   "D": "한식",
   "E": "돌솥밥"
 },
 {
   "A": "소담채",
   "B": "원지동 419 - 1 지하1층, 1층, 2층",
   "C": "02-3462-8592",
   "D": "한식",
   "E": "쌈밥"
 },
 {
   "A": "삼소락",
   "B": "방배동 444 - 2 1층",
   "C": "02-585-9288",
   "D": "한식",
   "E": "제주삼겹살"
 },
 {
   "A": "바르미샤브샤브앤칼국수",
   "B": "방배동 444 - 3 2층 202-2호",
   "C": "02-597-1155",
   "D": "뷔페식",
   "E": "샤브샤브"
 },
 {
   "A": "도쿄하나 사당점",
   "B": "방배동 444 - 3, 3층",
   "C": "02-585-2020",
   "D": "일식",
   "E": "생선회"
 },
 {
   "A": "연안식당 사당점",
   "B": "방배동 445 - 1 2층",
   "C": "02-588-6092",
   "D": "한식",
   "E": "꼬막비빔밥"
 },
 {
   "A": "둥구나무 사당점",
   "B": "방배동 445 - 4 8층 ",
   "C": "02-525-0980",
   "D": "한식",
   "E": "한정식"
 },
 {
   "A": "사조참치(사당역점)",
   "B": "방배동 446 - 2 지하1층 ",
   "C": "02-523-6784",
   "D": "일식",
   "E": "참치회"
 },
 {
   "A": "돌배기집 사당역지점",
   "B": "방배동 446 - 2 1층",
   "C": "02-3482-3788",
   "D": "한식",
   "E": "차돌박이"
 },
 {
   "A": "장원족발보쌈",
   "B": "서울특별시 서초구 방배2동 남부순환로 2121-3",
   "C": "02-586-9696",
   "D": "한식",
   "E": "족발,보쌈"
 },
 {
   "A": "참조은정육식당",
   "B": "서울 서초구 방배동 448-21 대진빌딩",
   "C": "02-521-2727",
   "D": "한식",
   "E": "생고기"
 },
 {
   "A": "바른식시골보쌈&감자옹심이 시골보쌈&감자옹심이 사당본점",
   "B": "방배동 449 - 5 (1층) ",
   "C": "02-3473-7358",
   "D": "한식",
   "E": "보쌈"
 },
 {
   "A": "통영해물보쌈",
   "B": "방배동 449 - 8 지하1층, 1층",
   "C": "02-585-4378",
   "D": "한식",
   "E": "해물보쌈"
 },
 {
   "A": "포항죽도 어시장",
   "B": "방배동 450 - 5 1층,2층 ",
   "C": "02-586-5246",
   "D": "한식",
   "E": "생선회, 메운탕"
 },
 {
   "A": "바다소식",
   "B": "방배동 450 - 8 지층 ",
   "C": "02-522-0730",
   "D": "한식",
   "E": "족발"
 },
 {
   "A": "왕배화로",
   "B": "방배동 450 - 10",
   "C": "02-588-8736",
   "D": "한식",
   "E": "등심"
 },
 {
   "A": "삼육가 사당역1호점",
   "B": "서울 서초구 방배동 450-16",
   "C": "02-582-0102",
   "D": "한식",
   "E": "묵은지갈비찜,보쌈"
 },
 {
   "A": "여진족",
   "B": "방배동 451 - 5, 1층, 지하1층",
   "C": "02-3473-3479",
   "D": "한식",
   "E": "족발"
 },
 {
   "A": "신의주찹쌀순대&숯불갈비",
   "B": "방배동 453 - 23, 1층",
   "C": "02-525-0041",
   "D": "한식",
   "E": "순대국,돼지갈비"
 },
 {
   "A": "한촌설렁탕 사당역점",
   "B": "방배동 453 - 24 1층",
   "C": "02-522-1011",
   "D": "한식",
   "E": "설렁탕"
 },
 {
   "A": "물조은선주회집",
   "B": "방배동 453 - 29 (1,2층) ",
   "C": "02-521-7620",
   "D": "일식",
   "E": "생선회"
 },
 {
   "A": "육감방배본점",
   "B": "방배동 475 - 29 지상1층,2층 ",
   "C": "02-584-8008",
   "D": "한식",
   "E": "생고기"
 },
 {
   "A": "하우스(HOUSE)",
   "B": "방배동 477 - 10 (1층)",
   "C": "02-525-9296",
   "D": "양식",
   "E": "스테이크"
 },
 {
   "A": "우면산계돈불백",
   "B": "방배동 478 - 5 1층 ",
   "C": "02-586-8883",
   "D": "한식",
   "E": "삼겹살"
 },
 {
   "A": "파크루안 (방배점)",
   "B": "방배동 751 - 1 지하1층 ",
   "C": "02-536-0009",
   "D": "중식",
   "E": "중식"
 },
 {
   "A": "남강메기 반포방배점",
   "B": "방배동 751 - 3 1층",
   "C": "02-532-7764",
   "D": "한식",
   "E": "메기 매운탕"
 },
 {
   "A": "댓짱돈까스",
   "B": "방배동 755 - 14 1층, 101호,102호,106호",
   "C": "02-534-7009",
   "D": "양식",
   "E": "돈까스"
 },
 {
   "A": "고기카페",
   "B": "방배동 760 - 2 후생시설 2동 1층 318호",
   "C": "02-591-5575",
   "D": "한식",
   "E": "갈비살,살치살"
 },
 {
   "A": "김대감봉평메밀촌",
   "B": "방배동 761 - 2 2층",
   "C": "02-3477-0270",
   "D": "한식",
   "E": "막국수"
 },
 {
   "A": "임금님밥상",
   "B": "방배동 762 - 16, A동 1층",
   "C": "02-535-5338",
   "D": "한식",
   "E": "매운탕"
 },
 {
   "A": "방배동숯불갈비",
   "B": "방배동 763 - 32 101호",
   "C": "02-3482-1527",
   "D": "한식",
   "E": "돼지갈비"
 },
 {
   "A": "조가네 갑오징어 방배카페거리점",
   "B": "방배동 768 - 13  ",
   "C": "02-536-4842",
   "D": "한식",
   "E": "갑오징어볶음"
 },
 {
   "A": "육갑식당 본점",
   "B": "방배동 777 - 5, 지하1층 지상1층",
   "C": "02-596-9292",
   "D": "한식",
   "E": "등심"
 },
 {
   "A": "미방 방배점",
   "B": "방배동 777 - 20",
   "C": "02-533-3660",
   "D": "한식",
   "E": "숯불구이"
 },
 {
   "A": "장수원",
   "B": "방배동 778 - 27, 지하1층,1층,2층",
   "C": "02-532-2225",
   "D": "한식",
   "E": "불고기"
 },
 {
   "A": "일일향 방배점",
   "B": "방배동 795 - 24  지층, 1층",
   "C": "02-534-8385",
   "D": "중식",
   "E": "삼선짬뽕"
 },
 {
   "A": "델리쎄 106",
   "B": "방배동 807-9 원방빌딩 1층",
   "C": "02-534-3142",
   "D": "양식",
   "E": "파스타"
 },
 {
   "A": "유다까방배점",
   "B": "방배동 813 - 6 1층 ",
   "C": "02-537-7714",
   "D": "일식",
   "E": "초밥"
 },
 {
   "A": "소소정",
   "B": "방배동 813 - 8 1층 ",
   "C": "02-536-8666",
   "D": "한식",
   "E": "콩나물국밥"
 },
 {
   "A": "참숯애 서래갈비",
   "B": "방배동 818 - 13  ",
   "C": "02-537-0086",
   "D": "한식",
   "E": "갈비"
 },
 {
   "A": "소율칼국수",
   "B": "방배동 836 - 1 1층 상가8호",
   "C": "02-595-6699",
   "D": "한식",
   "E": "바지락칼국수"
 },
 {
   "A": "은선 설렁탕",
   "B": "방배동 836 - 12, 1층",
   "C": "02-535-8583",
   "D": "한식",
   "E": "설렁탕"
 },
 {
   "A": "서래면옥",
   "B": "방배동 837 - 14  ",
   "C": "02-599-0366",
   "D": "한식",
   "E": "바지락칼국수"
 },
 {
   "A": "묘오또",
   "B": "방배동 850 - 1 1층 ",
   "C": "02-536-5980",
   "D": "한식",
   "E": "돈가스, 우동"
 },
 {
   "A": "제주어항 1950",
   "B": "방배동 851 - 2 지상 1층 ",
   "C": "02-3482-8400",
   "D": "한식",
   "E": "순대국"
 },
 {
   "A": "송이하랑",
   "B": "방배동 866 - 6 지상1층,2층 ",
   "C": "02-599-4499",
   "D": "한식",
   "E": "삼겹살"
 },
 {
   "A": "방배명가",
   "B": "방배동 873 - 20 1층",
   "C": "02-569-2885",
   "D": "한식",
   "E": "해장국"
 },
 {
   "A": "서리풀화로",
   "B": "방배동 874-8",
   "C": "02-595-1511",
   "D": "한식",
   "E": "설렁탕"
 },

 {
   "A": "양모리",
   "B": "방배동 851 - 6 107호",
   "C": "02-532-8125",
   "D": "한식",
   "E": "양깃머리,양,대창"
 },
 {
   "A": "서리풀 명가",
   "B": "방배동 876 - 9",
   "C": "02-535-3692",
   "D": "한식",
   "E": "곰탕,설렁탕"
 },
 {
   "A": "마초셰프",
   "B": "방배동 876 - 19 1층",
   "C": "02-6465-4242",
   "D": "양식",
   "E": "파스타"
 },
 {
   "A": "명동보리밥 방배점",
   "B": "방배동 898 - 3 지상2층 201호 ",
   "C": "02-3471-3392",
   "D": "한식",
   "E": "보리밥정식"
 },
 {
   "A": "두레상",
   "B": "방배동 908 - 13 지하 1층",
   "C": "02-588-5895",
   "D": "한식",
   "E": "칼국수"
 },
 {
   "A": "CASA BRASIL GRILL(까사 브라질 그릴)",
   "B": "방배동 909 - 4 5층",
   "C": "02-598-5066",
   "D": "양식",
   "E": "슈하스코 코스(브라질정통바베큐)"
 },
 {
   "A": "엉터리생고기 무한삼겹 방배역점",
   "B": "방배동 909 - 11 2층",
   "C": "02-588-7113",
   "D": "한식",
   "E": "삼겹살"
 },
 {
   "A": "지현",
   "B": "방배동 910 - 4 (지상1층) ",
   "C": "02-3473-6292",
   "D": "한식",
   "E": "샤브샤브"
 },
 {
   "A": "더구어",
   "B": "방배동 924 - 5 (지상1층) ",
   "C": "02-3474-9293",
   "D": "한식",
   "E": "삼겹살"
 },
 {
   "A": "방배순대국",
   "B": "방배동 924 - 9 1층",
   "C": "02-598-9597",
   "D": "한식",
   "E": "순대국"
 },
 {
   "A": "순남시래기",
   "B": "방배동 925 - 6 1층",
   "C": "02-582-2326",
   "D": "한식",
   "E": "시래기국"
 },
 {
   "A": "정담남원추어탕",
   "B": "방배동 926 - 27 1층",
   "C": "02-583-7588",
   "D": "한식",
   "E": "추어탕"
 },
 {
   "A": "미나토",
   "B": "방배동 935 - 2 1층",
   "C": "02-525-5841",
   "D": "일식",
   "E": "숙성 생선회"
 },
 {
   "A": "풍천장어마을",
   "B": "방배동 951 - 18  ",
   "C": "02-521-1256",
   "D": "한식",
   "E": "장어탕"
 },
 {
   "A": "순두부와청국장 방배역점",
   "B": "방배동 983 - 8 1층 ",
   "C": "02-3471-3355",
   "D": "한식",
   "E": "청국장"
 },
 {
   "A": "ELBA KITCHEN(엘바 키친)",
   "B": "방배동 985 - 2 1층 ",
   "C": "02-585-9559",
   "D": "양식",
   "E": "스테이크, 파스타"
 },
 {
   "A": "민어사랑",
   "B": "방배동 1001 - 9 1층 ",
   "C": "02-588-2714",
   "D": "한식",
   "E": "민어탕"
 },
 {
   "A": "송강민물장어 방배동점",
   "B": "방배동 1002 - 1 1층 ",
   "C": "02-598-9288",
   "D": "한식",
   "E": "복어, 장어요리"
 },
 {
   "A": "방배골복아구찜",
   "B": "방배동 1022 - 2 (지상2층) ",
   "C": "02-588-5197",
   "D": "한식",
   "E": "한식"
 },
 {
   "A": "임광루",
   "B": "서울특별시 서초구 방배동 1015-1",
   "C": "02-583-2466",
   "D": "중식",
   "E": "짜장면"
 },
 {
   "A": "댓짱 돈까스",
   "B": "방배동 1031 - 1  ",
   "C": "02-584-7348",
   "D": "양식",
   "E": "돈까스"
 },
 {
   "A": "방배본가면옥",
   "B": "방배동 1031 - 2 방배홈스텔 1층 102호",
   "C": "02-587-5799",
   "D": "한식",
   "E": "냉면"
 },
 {
   "A": "방배골",
   "B": "서울특별시 서초구 방배동 925-18",
   "C": "02-588-0017",
   "D": "한식",
   "E": "등심"
 },
 {
   "A": "싱싱오동도산아나고꼼장어숯불구이",
   "B": "방배동 3001-2 방배디오슈페리움1",
   "C": "02-532-9679",
   "D": "한식",
   "E": "아나고숯불구이"
 },
 {
   "A": "김영희 강남동태찜 이수점",
   "B": "서울특별시 서초구 방배동 3001-2",
   "C": "02-533-0890",
   "D": "한식",
   "E": "동태찜,해물찜"
 },
 {
   "A": "토다이 반포점",
   "B": "서울특별시 서초구 반포4동 신반포로 162",
   "C": "02-579-1985",
   "D": "뷔페식",
   "E": "뷔페"
 },
 {
   "A": "수라빔",
   "B": "서울 서초구 신반포로 176 센트럴시티빌딩 2층",
   "C": "02-6282-3355",
   "D": "한식",
   "E": "비빔밥,해물순두부"
 },
 {
   "A": "하남돼지집 반포점",
   "B": "반포동 55 - 7 1층",
   "C": "02-537-6282",
   "D": "한식",
   "E": "돼지고기"
 },
 {
   "A": "무교동유정낙지반포점",
   "B": "반포동 57 - 3  ",
   "C": "02-599-0088",
   "D": "한식",
   "E": "낙지볶음"
 },
 {
   "A": "놀부보쌈과 부대찌개",
   "B": "반포동 58 - 7 2층(201~203) ",
   "C": "02-535-4747",
   "D": "한식",
   "E": "보쌈 및 족발류"
 },
 {
   "A": "쉐라톤서울팔래스강남호텔 다봉",
   "B": "반포동 63-1 2층 쉐라톤서울팔래스강남호텔 2층",
   "C": "02-2186-6888",
   "D": "일식",
   "E": "회초밥"
 },
 {
   "A": "h' Garden(에이치가든)",
   "B": "반포동 63 - 1 팔래스호텔 1층",
   "C": "02-2186-6885",
   "D": "뷔페식",
   "E": "뷔페"
 },
 {
   "A": "남도미락",
   "B": "반포동 65 - 1 외 2필지 101~106호,109~110호",
   "C": "02-595-6060",
   "D": "한식",
   "E": "연포탕"
 },
 {
   "A": "레드브릭(Redbrick)",
   "B": "반포동 72 - 8 1층 ",
   "C": "02-591-7878",
   "D": "양식",
   "E": "피자"
 },
 {
   "A": "서래말 면옥집",
   "B": "반포동 72 - 10 1층~2층",
   "C": "02-596-3450",
   "D": "한식",
   "E": "함흥냉면"
 },
 {
   "A": "하노이의아침",
   "B": "반포동 90 - 1 가나빌딩 5층 ",
   "C": "02-599-5320",
   "D": "동남아식",
   "E": "베트남쌀국수"
 },
 {
   "A": "화담",
   "B": "반포동 92 - 6 2층",
   "C": "02-533-4443",
   "D": "일식",
   "E": "차돌박이숙주볶음"
 },
 {
   "A": "서래본가",
   "B": "반포동 93 - 1 1층,2층,3층 ",
   "C": "02-3477-9192",
   "D": "한식",
   "E": "갈비탕"
 },
 {
   "A": "육갑식당",
   "B": "반포동 93-2",
   "C": "02-533-9282",
   "D": "한식",
   "E": "와규 생등심"
 },
 {
   "A": "전주행",
   "B": "반포동 95 - 5",
   "C": "02-599-8119",
   "D": "한식",
   "E": "전주비빔밥"
 },
 {
   "A": "포폴라리타",
   "B": "반포동 96 - 1  ",
   "C": "02-593-2340",
   "D": "양식",
   "E": "스파게티"
 },
 {
   "A": "서래횟집",
   "B": "반포동 104 - 2 1층",
   "C": "02-532-1573",
   "D": "일식",
   "E": "회초밥"
 },
 {
   "A": "황제",
   "B": "반포동 105 - 1 (지상2층) ",
   "C": "02-536-8820",
   "D": "중식",
   "E": "중국요리"
 },
 {
   "A": "㈜톰볼라",
   "B": "반포동 106 - 8 1층 101호",
   "C": "02-593-4660",
   "D": "양식",
   "E": "스테이크"
 },
 {
   "A": "미요",
   "B": "반포동 107 - 9 1층, 위너스빌",
   "C": "02-599-1988",
   "D": "중식",
   "E": "북경오리"
 },
 {
   "A": "한국회관",
   "B": "반포동 107 - 45 가동 1층,2층 ",
   "C": "02-595-3355",
   "D": "한식",
   "E": "한우,탕"
 },
 {
   "A": "올반 센트럴시티점",
   "B": "반포동 118 - 3번지 외 7필지 센트럴시티 파미에스테이션 1층 FP103호",
   "C": "02-591-2213",
   "D": "한식",
   "E": "뷔페"
 },
 {
   "A": "세빛섬 플로팅아일랜드",
   "B": "반포동 649 새빛둥둥섬 제1섬 3층",
   "C": "02-537-2440",
   "D": "양식",
   "E": "피자,파스타"
 },
 {
   "A": "어랑 생선밥상",
   "B": "반포동 736",
   "C": "02-516-3690",
   "D": "한식",
   "E": "생선구이"
 },
 {
   "A": "평가옥(반포점)",
   "B": "반포동 746 - 5 서일빌딩 1층 (103-107호) ",
   "C": "02-517-1577",
   "D": "한식",
   "E": "냉면"
 },
 {
   "A": "이춘복참치 신논현",
   "B": "반포동 748-12 지하1층, 지상1층",
   "C": "02-542-4558",
   "D": "일식",
   "E": "회코스"
 },
 {
   "A": "식도원",
   "B": "반포동 817 상가E블럭 32-1,33호 ",
   "C": "02-599-3825",
   "D": "일식",
   "E": "정통일식"
 },
 {
   "A": "맷돌로만",
   "B": "반포동 1053 - 5,6호, 1층",
   "C": "02-535-1233",
   "D": "한식",
   "E": "순두부"
 },
 {
   "A": "더가든 키친",
   "B": "잠원동 6 - 1호 더리버사이드호텔 1층(지하 1층) 1동 ",
   "C": "02-6710-1133",
   "D": "뷔페식",
   "E": "뷔페"
 },
 {
   "A": "영동설농탕",
   "B": "잠원동 10 - 53  ",
   "C": "02-543-4716",
   "D": "한식",
   "E": "설렁탕"
 },
 {
   "A": "노독일처",
   "B": "잠원동 15 - 10 라성빌딩 1층, 2층 ",
   "C": "02-517-4552",
   "D": "중식",
   "E": "자장면"
 },
 {
   "A": "본가",
   "B": "잠원동 17 - 1 2,3,4,5 ",
   "C": "02-540-6331",
   "D": "한식",
   "E": "남도요리"
 },
 {
   "A": "강남 따로국밥",
   "B": "잠원동 19 - 10 외2필지 (1동 2층) ",
   "C": "02-543-2527",
   "D": "한식",
   "E": "국밥"
 },
 {
   "A": "이모 전주콩나물 국밥",
   "B": "잠원동 21-1 2층",
   "C": "02-547-7908",
   "D": "한식",
   "E": "콩나물국밥"
 },
 {
   "A": "삼호복집",
   "B": "잠원동 22 - 17  ",
   "C": "02-542-7296",
   "D": "한식",
   "E": "복매운탕"
 },
 {
   "A": "마구로센",
   "B": "잠원동 22 - 5 지상1층 ",
   "C": "02-517-5110",
   "D": "일식",
   "E": "회정식"
 },
 {
   "A": "진대감",
   "B": "잠원동 23 - 8 수인빌딩 지상1층 ",
   "C": "02-543-8858",
   "D": "한식",
   "E": "차돌삼합"
 },
 {
   "A": "공리",
   "B": "잠원동 26 - 9 1층, 2층",
   "C": "02-544-3239",
   "D": "중식",
   "E": "탕수육"
 },
 {
   "A": "(주)프로간장게장",
   "B": "잠원동 27 - 1 (지상1층,2층)",
   "C": "02-543-4126",
   "D": "한식",
   "E": "간장게장"
 },
 {
   "A": "의정부 평양면옥",
   "B": "잠원동 29 - 23 1,2,3,4층 ",
   "C": "02-547-6947",
   "D": "한식",
   "E": "냉면"
 },
 {
   "A": "진동둔횟집",
   "B": "잠원동 36 - 18 지하1층,1층,2층 ",
   "C": "02-543-3849",
   "D": "일식",
   "E": "대구탕"
 },
 {
   "A": "봉평고향메밀촌 서울본점",
   "B": "잠원동 39 - 1  ",
   "C": "02-511-7888",
   "D": "한식",
   "E": "막국수"
 },
 {
   "A": "세븐스프링스(잠원점)",
   "B": "잠원동 65 - 32 1층 101호",
   "C": "02-532-7079",
   "D": "뷔페식",
   "E": "뷔페"
 },
 {
   "A": "JS가든(잠원점)",
   "B": "잠원동 66 - 2",
   "C": "02-595-1221",
   "D": "중식",
   "E": "해삼전복볶음"
 },
 {
   "A": "반포면옥",
   "B": "잠원동 70 , 5호 ",
   "C": "02-591-4281",
   "D": "한식",
   "E": "냉면"
 },
 {
   "A": "강원정삼계탕",
   "B": "서울특별시 용산구 원효로89길 13-10, 1층 (원효로1가)",
   "C": "02- 719-9978",
   "D": "한식",
   "E": "삼계탕"
 },
 {
   "A": "계경순대국숙대입구역점",
   "B": "서울특별시 용산구 한강대로 306, 1층 (갈월동)",
   "C": "02-3789-7547",
   "D": "한식",
   "E": "순대국"
 },
 {
   "A": "계절밥상용산아이파크몰점",
   "B": "서울특별시 용산구 한강대로23길 55, 7층 (한강로3가, 아이파크몰)",
   "C": "02-2012-0700",
   "D": "뷔페식",
   "E": "뷔페"
 },
 {
   "A": "고구려참숯구이",
   "B": "서울특별시 용산구 만리재로 192, 1층 (서계동)",
   "C": "02- 392-0110",
   "D": "한식",
   "E": "참숯갈비"
 },
 {
   "A": "고인돌",
   "B": "서울특별시 용산구 장문로 23, 지하2층 (이태원동, 캐피탈호텔)",
   "C": "02- 797-9434",
   "D": "한식",
   "E": "갈비, 양구이"
 },
 {
   "A": "광히카리",
   "B": "서울특별시 용산구 한강대로 54, 1,2층 (한강로3가)",
   "C": "02- 749-6562",
   "D": "한식",
   "E": "육류,고기요리"
 },
 {
   "A": "괸당네흑똥돼지",
   "B": "서울특별시 용산구 남영동 80-4",
   "C": "02-795-4175",
   "D": "한식",
   "E": "흑돼지삼겹살"
 },
 {
   "A": "금강산",
   "B": "서울특별시 용산구 독서당로 23, 1층 (한남동)",
   "C": "02- 796-8881",
   "D": "한식",
   "E": "그린포그갈비"
 },
 {
   "A": "기와",
   "B": "서울특별시 용산구 한강대로21나길 40, 1층 (한강로3가)",
   "C": "02- 710-7777",
   "D": "한식",
   "E": "한정식, 갈비찜, 보리굴비"
 },
 {
   "A": "길농원훈제바베큐",
   "B": "서울특별시 용산구 원효로 71, 1층 (원효로4가)",
   "C": "02- 719-6668",
   "D": "한식",
   "E": "장작구이바베큐"
 },
 {
   "A": "나주곰탕",
   "B": "서울특별시 용산구 한강대로 144, 1층 (한강로2가)",
   "C": "02- 794-4171",
   "D": "한식",
   "E": "곰탕"
 },
 {
   "A": "남산한식당",
   "B": "서울특별시 용산구 회나무로44길 40, 지하1층 (이태원동)",
   "C": "02- 797-9835",
   "D": "한식",
   "E": "불고기"
 },
 {
   "A": "남원식당",
   "B": "서울특별시 용산구 동자동 10-3",
   "C": "02- 771-0202",
   "D": "한식",
   "E": "추어탕"
 },
 {
   "A": "팔보",
   "B": "서울특별시 용산구 원효로 70, 2층 (원효로4가)",
   "C": "02- 715-7079",
   "D": "중식",
   "E": "전가복, 굴짬뽕"
 },
 {
   "A": "늘푸른가든",
   "B": "서울특별시 용산구 이태원로 227, 1,2층 (한남동)",
   "C": "02- 792-2077",
   "D": "한식",
   "E": "한우생갈비, 양대창"
 },
 {
   "A": "다채 동빙고점",
   "B": "서울특별시 용산구 녹사평대로 66, 상가동 지하3층 (동빙고동, 용산푸르지오파크타워)",
   "C": "02- 792-9233",
   "D": "한식",
   "E": "쌈밥정식"
 },
 {
   "A": "단비",
   "B": "서울특별시 용산구 한남대로20길 21-12, 1층 (한남동)",
   "C": "02- 797-8375",
   "D": "한식",
   "E": "한정식, 도다리회"
 },
 {
   "A": "담쟁이",
   "B": "서울특별시 용산구 한강대로76길 11-8, 1층 (남영동)",
   "C": "02- 797-9288",
   "D": "한식",
   "E": "전복삼계탕"
 },
 {
   "A": "대식가",
   "B": "서울특별시 용산구 한강대로15길 23, 2층 (한강로3가)",
   "C": "02- 797-6009",
   "D": "일식",
   "E": "생선회, 곰치맑은탕, 속초물회"
 },
 {
   "A": "대우정",
   "B": "서울특별시 용산구 후암로57길 7, 1,2층 (동자동)",
   "C": "02- 752-9685",
   "D": "한식",
   "E": "소고기김치전골"
 },
 {
   "A": "대한각",
   "B": "서울특별시 용산구 녹사평대로26길 21, 2층 (이태원동)",
   "C": "02- 798-9990",
   "D": "중식",
   "E": "원족, 경장육슬, 짜장면"
 },
 {
   "A": "댓잎갈비",
   "B": "서울특별시 용산구 서빙고로991길 2, 1,2층 (보광동)",
   "C": "02- 796-3355",
   "D": "한식",
   "E": "댓잎갈비, 댓잎추어탕"
 },
 {
   "A": "더플레이스다이닝",
   "B": "서울특별시 용산구 남산공원길 126, 광장 1,2층 (용산동2가, 서울타워)",
   "C": "02-3455-9220",
   "D": "양식",
   "E": "이탈리아음식, 파스타"
 },
 {
   "A": "더함",
   "B": "서울특별시 용산구 청파로47길 52, 2층 (청파동2가)",
   "C": "02- 707-3692",
   "D": "한식",
   "E": "한정식, 한우육개장"
 },
 {
   "A": "도마에",
   "B": "서울특별시 용산구 청파로45길 9, 1층 (청파동3가)",
   "C": "02- 712-6688",
   "D": "일식",
   "E": "초밥, 스시"
 },
 {
   "A": "돈까스잔치",
   "B": "서울특별시 용산구 서빙고동 94",
   "C": "02 -796-9969",
   "D": "양식",
   "E": "돈까스, 잔치국수"
 },
 {
   "A": "돌아가는삼각지",
   "B": "서울특별시 용산구 한강대로62길 26, 1층 (한강로1가)",
   "C": "02- 790-9955",
   "D": "한식",
   "E": "버섯전골, 숯불등식"
 },
 {
   "A": "두바이",
   "B": "서울특별시 용산구 이태원로 192, 2층 (이태원동)",
   "C": "02-798-9277",
   "D": "양식",
   "E": "아랍음식, 양고기스테이크"
 },
 {
   "A": "라쿠치나",
   "B": "서울특별시 용산구 회나무로44길 10 (이태원동)",
   "C": "02- 794-6005",
   "D": "양식",
   "E": "이탈리아음식, 스테이크"
 },
 {
   "A": "마구로센",
   "B": "서울특별시 용산구 대사관로31길 24, 1층 (한남동)",
   "C": "02- 792-1110",
   "D": "일식",
   "E": "생참치"
 },
 {
   "A": "마루한정식",
   "B": "서울특별시 용산구 백범로 341, 지하1층 (원효로1가)",
   "C": "02- 702-7003",
   "D": "한식",
   "E": "한정식, 제주은갈치구이"
 },
 {
   "A": "마산아구찜",
   "B": "서울특별시 용산구 이촌로58길 12 (이촌동)",
   "C": "02- 795-8465",
   "D": "한식",
   "E": "아구찜, 해물찜"
 },
 {
   "A": "마오",
   "B": "서울특별시 용산구 회나무로 57, 4층 (이태원동)",
   "C": "02-793-8845",
   "D": "중식",
   "E": "베이징덕, 딤섬"
 },
 {
   "A": "메시야",
   "B": "서울특별시 용산구 한강대로 358, 1층 (동자동)",
   "C": "02- 318-5235",
   "D": "일식",
   "E": "김치돈까스"
 },
 {
   "A": "모리모리",
   "B": "서울특별시 용산구 한강대로 281, 1층 (갈월동)",
   "C": "02- 702-1441",
   "D": "일식",
   "E": "초밥, 돈까스"
 },
 {
   "A": "미립",
   "B": "서울특별시 용산구 한강대로104길 38, 1층 (동자동)",
   "C": "010-9495-3163",
   "D": "양식",
   "E": "양갈비, 온면"
 },
 {
   "A": "미성중국관",
   "B": "서울특별시 용산구 한강대로84길 8, 1층 (남영동)",
   "C": "02- 790-3034",
   "D": "중식",
   "E": "중식코스, 전복짬뽕"
 },
 {
   "A": "바토스이태원점",
   "B": "서울특별시 용산구 이태원로15길 1, 2층 (이태원동)",
   "C": "02- 797-8226",
   "D": "양식",
   "E": "멕시코음식, 타코"
 },
 {
   "A": "밥샵",
   "B": "서울특별시 용산구 청파로 112, 15동 1층 12호 (한강로3가, 나진상가)",
   "C": "02- 711-8933",
   "D": "한식",
   "E": "사골우거지탕"
 },
 {
   "A": "방태산화로구이",
   "B": "서울특별시 용산구 이촌로18길 6, 1층 (이촌동)",
   "C": "02- 718-8118",
   "D": "한식",
   "E": "오리구이, 생삼겹"
 },
 {
   "A": "봉추찜닭",
   "B": "서울특별시 용산구 청파로45길 13, 1층 (청파동3가)",
   "C": "02- 717-6981",
   "D": "한식",
   "E": "찜닭"
 },
 {
   "A": "봉피양(용산)",
   "B": "서울특별시 용산구 한강대로40길 31, 1,2층 (한강로2가)",
   "C": "02- 795-6446",
   "D": "한식",
   "E": "한우생등심, 한우떡갈비"
 },
 {
   "A": "봉희설렁탕삼각지점",
   "B": "서울특별시 용산구 백범로99길 50, 1,2층 (한강로1가)",
   "C": "02 -796 -7711",
   "D": "한식",
   "E": "설렁탕"
 },
 {
   "A": "부다스밸리이태원점",
   "B": "서울특별시 용산구 녹사평대로40길 48, 1층 (이태원동)",
   "C": "02- 796-9330",
   "D": "양식",
   "E": "태국음식, 쏨땀"
 },
 {
   "A": "쏘왓",
   "B": "서울 용산구 녹사평대로40길 48 지하1층",
   "C": "02- 749-0903",
   "D": "양식",
   "E": "태국음식, 쌀국수"
 },
 {
   "A": "부산갈비",
   "B": "서울특별시 용산구 이태원로27가길 18, 1층 (이태원동)",
   "C": "02-793-7641",
   "D": "한식",
   "E": "생갈비, 갈비탕, 간장게장"
 },
 {
   "A": "블리스",
   "B": "서울특별시 용산구 이태원로 173-7 (이태원동)",
   "C": "02- 798-1125",
   "D": "양식",
   "E": "이탈리아음식, 스테이크, 치킨디아블로"
 },
 {
   "A": "사조참치",
   "B": "서울특별시 용산구 한강대로84길 5-3, 1층 (남영동)",
   "C": "02- 796-3737",
   "D": "일식",
   "E": "참치회"
 },
 {
   "A": "산찬미",
   "B": "서울특별시 용산구 한강대로 264, 1층 (남영동)",
   "C": "02- 797-4443",
   "D": "중식",
   "E": "중국냉면, 새우볶음밥"
 },
 {
   "A": "서계마을",
   "B": "서울특별시 용산구 효창원로 276 (서계동)",
   "C": "02- 713-9007",
   "D": "한식",
   "E": "쌈밥정식"
 },
 {
   "A": "서울역그릴",
   "B": "서울특별시 용산구 청파로 378, 3층 (동자동)",
   "C": "02- 393-3303",
   "D": "양식",
   "E": "함박스테이크, 그릴정식"
 },
 {
   "A": "서울회관",
   "B": "서울특별시 용산구 한강대로80길 11-49, 1층 (남영동)",
   "C": "02- 790-6292",
   "D": "한식",
   "E": "통통오겹살, 갈비찜"
 },
 {
   "A": "설악칡냉면",
   "B": "서울특별시 용산구 임정로 93, 1층 (효창동)",
   "C": "02-3273-4886",
   "D": "한식",
   "E": "냉면, 순대국"
 },
 {
   "A": "세우물 잔치",
   "B": "서울특별시 용산구 원효로 69-1, 1,2층 (원효로4가)",
   "C": "02- 717-2978",
   "D": "한식",
   "E": "낙지전복삼계탕, 보쌈"
 },
 {
   "A": "셰프테이너",
   "B": "서울특별시 용산구 이태원로27길 101, 지하1층 (한남동)",
   "C": "02-794-9172",
   "D": "양식",
   "E": "파스타, 등심스테이크"
 },
 {
   "A": "소도노리",
   "B": "서울특별시 용산구 원효로 128, 1층 (원효로3가)",
   "C": "02- 701-3363",
   "D": "뷔페식",
   "E": "고기뷔페"
 },
 {
   "A": "솔마루",
   "B": "서울특별시 용산구 효창원로62길 16, 1층 (효창동)",
   "C": "02- 712-0708",
   "D": "한식",
   "E": "소고기모듬세트"
 },
 {
   "A": "용산화로",
   "B": "서울특별시 용산구 한강대로76길 21-11, 1층 (남영동)",
   "C": "02- 793-2968",
   "D": "한식",
   "E": "한정식, 간장게장, 대하장"
 },
 {
   "A": "신라면옥원효점",
   "B": "서울특별시 용산구 원효로 69, 1층 (원효로4가)",
   "C": "02- 719-1290",
   "D": "한식",
   "E": "매운갈비찜, 회냉면, 수육"
 },
 {
   "A": "신의주부대찌개",
   "B": "서울특별시 용산구 한강대로62가길 20, 1층 (용산동3가)",
   "C": "02- 794-1408",
   "D": "한식",
   "E": "부대찌개"
 },
 {
   "A": "쏘왓",
   "B": "서울특별시 용산구 녹사평대로40길 48, 지하1층 (이태원동)",
   "C": "02- 749-0903",
   "D": "양식",
   "E": "태국음식, 쏨땀, 이산소시지"
 },
 {
   "A": "아그라",
   "B": "서울특별시 용산구 이태원로 153, 지하1층 (이태원동)",
   "C": "02- 797-7262",
   "D": "양식",
   "E": "인도커리, 탄두리"
 },
 {
   "A": "아이오유",
   "B": "서울특별시 용산구 원효로1길 16, 1,2층 (청암동)",
   "C": "02-3275-1151",
   "D": "양식",
   "E": "파스타, 스테이크"
 },
 {
   "A": "알트스위스샬레",
   "B": "서울특별시 용산구 이태원로27길 38, 2층 (이태원동)",
   "C": "02- 797-9664",
   "D": "양식",
   "E": "스위스치즈퐁듀"
 },
 {
   "A": "양귀비짬뽕",
   "B": "서울특별시 용산구 후암로 38, 1층 (후암동)",
   "C": "02- 776-5200",
   "D": "중식",
   "E": "짬뽕"
 },
 {
   "A": "엔그릴",
   "B": "서울특별시 용산구 남산공원길 126, 전망 5층 (용산동2가, 서울타워)",
   "C": "02-3455-9297",
   "D": "양식",
   "E": "스테이크, 양갈비, 랍스타그라탕"
 },
 {
   "A": "열해",
   "B": "서울특별시 용산구 이촌로 248, 21동 2층 (이촌동, 한강맨션)",
   "C": "02-793 -1188",
   "D": "일식",
   "E": "모듬생선회, 새우튀김정식"
 },
 {
   "A": "오메가3삼계탕",
   "B": "서울특별시 용산구 이촌로64길 61 (이촌동)",
   "C": "02- 790-7555",
   "D": "한식",
   "E": "삼계탕, 삼계죽"
 },
 {
   "A": "원할머니보쌈 남영점",
   "B": "서울특별시 용산구 한강대로 254, 1층 (남영동)",
   "C": "050-7982-5203",
   "D": "한식",
   "E": "보쌈, 족발"
 },
 {
   "A": "웨스턴차이나",
   "B": "서울특별시 용산구 독서당로 73 (한남동)",
   "C": "02- 795-6751",
   "D": "중식",
   "E": "딤섬"
 },
 {
   "A": "은성집",
   "B": "서울특별시 용산구 한강대로84길 11-16 (남영동)",
   "C": "02- 797-2855",
   "D": "한식",
   "E": "등심구이"
 },
 {
   "A": "이남장설렁탕전자랜드점",
   "B": "서울특별시 용산구 청파로 74, 7층 (한강로3가, 용산전자랜드)",
   "C": "02- 701-0088",
   "D": "한식",
   "E": "설렁탕, 수육, 꽃등심"
 },
 {
   "A": "이조설렁탕.함흥냉면",
   "B": "서울특별시 용산구 백범로99길 54, 1층 (한강로1가)",
   "C": "02- 794-7069",
   "D": "한식",
   "E": "냉면, 설렁탕, 소고기버섯전골"
 },
 {
   "A": "이촌동면옥",
   "B": "서울특별시 용산구 이촌로54길 17, 1,2층 (이촌동)",
   "C": "02- 796-7775",
   "D": "한식",
   "E": "냉면, 갈비찜"
 },
 {
   "A": "이태원천상본점",
   "B": "서울특별시 용산구 이태원로 227, 1층 (한남동)",
   "C": "02- 749-2224",
   "D": "일식",
   "E": "일식정식, 로스돈까스"
 },
 {
   "A": "일비노로소",
   "B": "서울특별시 용산구 두텁바위로60길 25, 1,2층 (후암동)",
   "C": "02- 754-0011",
   "D": "양식",
   "E": "카프파쵸, 로스등심스테이크"
 },
 {
   "A": "장사랑",
   "B": "서울특별시 용산구 이태원로 164-1, 1층 (이태원동)",
   "C": "02- 790-4640",
   "D": "한식",
   "E": "곤드레밥"
 },
 {
   "A": "장위동유성집",
   "B": "서울특별시 용산구 한강대로 385, 1층 (동자동)",
   "C": "02- 796-9292",
   "D": "한식",
   "E": "한우등심, 멸치국수"
 },
 {
   "A": "정감어린",
   "B": "서울특별시 용산구 후암로 4, 2,3,4층 (후암동)",
   "C": "02- 754-4389",
   "D": "한식",
   "E": "꽃갈비, 양곱창전골, 코다리비빔냉면"
 },
 {
   "A": "마구로참치",
   "B": "서울특별시 용산구 한강대로 271, 2층 (갈월동)",
   "C": "02- 704-8006",
   "D": "일식",
   "E": "무한리필참치회, 초밥"
 },
 {
   "A": "정원가든",
   "B": "서울특별시 용산구 대사관로31길 7, 1,2층 (한남동)",
   "C": "02- 797-7082",
   "D": "한식",
   "E": "숯불돼지갈비, 한우등심"
 },
 {
   "A": "주반야주무교동낙지",
   "B": "서울특별시 용산구 대사관로24길 22, 1층 (한남동)",
   "C": "02-797-4944",
   "D": "한식",
   "E": "낙지요리"
 },
 {
   "A": "중일회관",
   "B": "서울특별시 용산구 이태원로 197, 2층 (이태원동)",
   "C": "02- 794-3392",
   "D": "한식",
   "E": "불고기, 양대창구이"
 },
 {
   "A": "차돌집",
   "B": "서울특별시 용산구 녹사평대로40길 5, 1,2층 (이태원동)",
   "C": "02- 790-0789",
   "D": "한식",
   "E": "차돌박이, 생등심, 주물럭"
 },
 {
   "A": "차돌집(신관)",
   "B": "서울특별시 용산구 녹사평대로40길 25, 1,2층 (이태원동)",
   "C": "02- 790-7090",
   "D": "한식",
   "E": "차돌박이, 생등심, 주물럭"
 },
 {
   "A": "차이옌",
   "B": "서울특별시 용산구 이촌로88길 8, 1층 (이촌동)",
   "C": "02- 792-0872",
   "D": "중식",
   "E": "중식코스, 빙화군만두"
 },
 {
   "A": "청운숯불갈비",
   "B": "서울특별시 용산구 청파로 383-8, 1,2층 (서계동)",
   "C": "02- 711-2625",
   "D": "한식",
   "E": "갈비탕, 돼지갈비"
 },
 {
   "A": "초승달",
   "B": "서울특별시 용산구 회나무로26길 12, 1층 (이태원동)",
   "C": "02- 749-6444",
   "D": "일식",
   "E": "초밥, 생연어롤"
 },
 {
   "A": "케르반레스토랑",
   "B": "서울특별시 용산구 이태원로 190, 2층 (이태원동)",
   "C": "02- 792-4767",
   "D": "양식",
   "E": "터키음식, 케밥"
 },
 {
   "A": "턴라운지",
   "B": "서울특별시 용산구 소월로 62, 4층 (후암동)",
   "C": "02-6404-1001",
   "D": "양식",
   "E": "돈까스, 초계국수"
 },
 {
   "A": "티원",
   "B": "서울특별시 용산구 청파로 378, 3층 (동자동)",
   "C": "02- 392-0987",
   "D": "중식",
   "E": "중식코스"
 },
 {
   "A": "파올로데마리아",
   "B": "서울특별시 용산구 대사관로31길 13, B동 1,2층 (한남동)",
   "C": "02- 599-9936",
   "D": "양식",
   "E": "화덕피자, 수제파스타"
 },
 {
   "A": "풍년갈비",
   "B": "서울특별시 용산구 새창로 130, 1,2층 (원효로2가)",
   "C": "02- 719-6530",
   "D": "한식",
   "E": "숯불돼지갈비, 갈비탕"
 },
 {
   "A": "하노이의아침",
   "B": "서울특별시 용산구 후암로 107, 1층 (동자동)",
   "C": "02 -727-5320",
   "D": "양식",
   "E": "베트남음식, 쌀국수"
 },
 {
   "A": "한강집",
   "B": "서울특별시 용산구 백범로 400, 1층 (한강로1가)",
   "C": "02- 716-7452",
   "D": "한식",
   "E": "생태매운탕, 마늘먹은목살"
 },
 {
   "A": "한강회관",
   "B": "서울특별시 용산구 이촌로75길 10-3, 2층 (이촌동)",
   "C": "02- 793-9855",
   "D": "한식",
   "E": "한우불고기, 꽃등심"
 },
 {
   "A": "한남북엇국",
   "B": "서울특별시 용산구 독서당로 65-7 (한남동)",
   "C": "02-2297-1988",
   "D": "한식",
   "E": "북엇국, 삼합"
 },
 {
   "A": "한쿡",
   "B": "서울특별시 용산구 남산공원길 126, 전망 1층 (용산동2가, 서울타워)",
   "C": "02-3455-9292",
   "D": "한식",
   "E": "한정식, 화로갈비구이"
 },
 {
   "A": "할매보쌈애부대찌개",
   "B": "서울특별시 용산구 원효로41길 58, 1층 (원효로2가)",
   "C": "02- 704-9236",
   "D": "한식",
   "E": "보쌈, 부대찌개"
 },
 {
   "A": "함경면옥",
   "B": "서울특별시 용산구 서빙고로 9, 1,2,3층 (한강로3가)",
   "C": "02-793-6938",
   "D": "한식",
   "E": "갈비탕, 왕갈비, 양대창"
 },
 {
   "A": "해미루숙대점",
   "B": "서울특별시 용산구 한강대로 272-2, 1층 (남영동)",
   "C": "02-797-7227",
   "D": "한식",
   "E": "만두전골, 칼국수"
 },
 {
   "A": "홀리차우",
   "B": "서울특별시 용산구 이태원로 179 (이태원동, 해밀턴호텔)",
   "C": "02- 793-0802",
   "D": "중식",
   "E": "아메리칸차이나타운요리, 쉬림프마요"
 },
 {
   "A": "황해집",
   "B": "서울특별시 용산구 한강대로88길 11-5 (남영동)",
   "C": "02-797-1717",
   "D": "한식",
   "E": "모듬구이, 부대찌개"
 },
 {
   "A": "횡성한우목장",
   "B": "서울특별시 용산구 효창원로48길 6 (용문동)",
   "C": "02- 716-8592",
   "D": "한식",
   "E": "소갈비"
 },
 {
   "A": "(주)베이징코야",
   "B": "율곡로2길 29-1  지하1층 (수송동)",
   "C": "02-313-5292",
   "D": "중식",
   "E": "북경오리"
 },
 {
   "A": "(주)석파랑",
   "B": "자하문로 309  1층 (홍지동)",
   "C": "02-395-2500",
   "D": "한식",
   "E": "궁중수라?"
 },
 {
   "A": "가봉루",
   "B": "세종대로23길 3  2.3층 (세종로)",
   "C": "02-736-8100",
   "D": "중식",
   "E": "삼선짬뽕"
 },
 {
   "A": "감촌",
   "B": "종로 19  5층 511호 일부  512호 (종로1가)",
   "C": "02-733-7035",
   "D": "한식",
   "E": "순두부찌개"
 },
 {
   "A": "고기의 잔치",
   "B": "자하문로1길 49 (필운동)",
   "C": "02-730-7826",
   "D": "한식",
   "E": "소고기"
 },
 {
   "A": "고창선운사풍천장어금정",
   "B": "대학로2길 38 (종로5가)",
   "C": "02-745-9589",
   "D": "한식",
   "E": "장어"
 },
 {
   "A": "궁나라냉면.묵밥",
   "B": "지봉로12길 6  1층 (숭인동)",
   "C": "02-744-4701",
   "D": "한식",
   "E": "묵밥,물냉면"
 },
 {
   "A": "금해 복집",
   "B": "진흥로 461  1 2층 (구기동)",
   "C": "02-395-5656",
   "D": "일식",
   "E": "활복지리"
 },
 {
   "A": "김가네대청마루",
   "B": "인사동4길 17 (경운동)",
   "C": "02-733-1338",
   "D": "한식",
   "E": "한우생등심"
 },
 {
   "A": "나무향기",
   "B": "세종대로23길 47  1층 108호 (당주동)",
   "C": "02-723-0019",
   "D": "한식",
   "E": "오리 장작구이"
 },
 {
   "A": "나주곰탕",
   "B": "지봉로 26-1  1층 (숭인동)",
   "C": "02-2236-7006",
   "D": "한식",
   "E": "나주곰탕"
 },
 {
   "A": "남대문막내횟집",
   "B": "우정국로 4-1 (관철동)",
   "C": "02-737-5115",
   "D": "일식",
   "E": "회"
 },
 {
   "A": "눈나무집",
   "B": "삼청로 136-1  1 2 3층 (삼청동)",
   "C": "02-739-6742",
   "D": "한식",
   "E": "떡갈비"
 },
 {
   "A": "뉘조",
   "B": "인사동14길 27  1층 (관훈동)",
   "C": "02-730-9301",
   "D": "한식",
   "E": "우슬초(런치)"
 },
 {
   "A": "늘마중",
   "B": "인사동8길 16-1 (관훈동)",
   "C": "02-730-2985",
   "D": "한식",
   "E": "점심특선 마중웰빙비빔밥"
 },
 {
   "A": "다솔",
   "B": "종로5길 68  지하1층 (수송동)",
   "C": "02-735-0288",
   "D": "한식",
   "E": "점심특선 다솔모듬샤브"
 },
 {
   "A": "대규스시",
   "B": "동숭3길 1 (동숭동)",
   "C": "010-5606-7892",
   "D": "일식",
   "E": "특상 A"
 },
 {
   "A": "대륙",
   "B": "종로 127-2 (종로3가 지하1층)",
   "C": "02-766-8411",
   "D": "중식",
   "E": "짜장면"
 },
 {
   "A": "대송",
   "B": "자하문로 34 (통의동)",
   "C": "02-733-3413",
   "D": "한식",
   "E": "한정식"
 },
 {
   "A": "대평갈비",
   "B": "평창문화로 83  지상2 3층 (평창동)",
   "C": "02-395-5288",
   "D": "한식",
   "E": "한우 생등심"
 },
 {
   "A": "더레스토랑",
   "B": "삼청로 54  1 2 3층 (소격동)",
   "C": "02-735-8441",
   "D": "양식",
   "E": "코스요리"
 },
 {
   "A": "동원참치",
   "B": "인사동7길 37  지하1층 (관훈동)",
   "C": "02-734-4467",
   "D": "일식",
   "E": "참치연어세트"
 },
 {
   "A": "된장예술과 술",
   "B": "대학로11길 9-2  1 2층 (명륜4가)",
   "C": "02-745-4516",
   "D": "한식",
   "E": "된장정식"
 },
 {
   "A": "두레유",
   "B": "평창30길 28 (평창동)",
   "C": "02-3217-1090",
   "D": "한식",
   "E": "하늘코스"
 },
 {
   "A": "들풀",
   "B": "대명1길 24 (명륜4가)",
   "C": "02-745-9383",
   "D": "한식",
   "E": "들풀정식"
 },
 {
   "A": "들풀 청운동점",
   "B": "자하문로 118 (청운동)",
   "C": "02-720-4323",
   "D": "한식",
   "E": "들풀정식"
 },
 {
   "A": "마산아구찜",
   "B": "자하문로 18-1  2층 (통의동)",
   "C": "02-725-3123",
   "D": "한식",
   "E": "아구찜"
 },
 {
   "A": "마실한우정육식당",
   "B": "종로 384 (숭인동)",
   "C": "02-2232-0210",
   "D": "한식",
   "E": "한우"
 },
 {
   "A": "만가",
   "B": "사직로 103-19 (필운동 (지상1층))",
   "C": "02-720-5797",
   "D": "한식",
   "E": "장어정식"
 },
 {
   "A": "명원숯불갈비",
   "B": "통일로12길 8 (행촌동)",
   "C": "02-738-4744",
   "D": "한식",
   "E": "갈비살"
 },
 {
   "A": "명작 신의주 찹쌀순대",
   "B": "사직로8길 4 (사직동 풍림스페이스본 202동 지상1층 104호)",
   "C": "02-737-6464",
   "D": "한식",
   "E": "순대국밥"
 },
 {
   "A": "무교동유림낙지",
   "B": "종로 24-8 (서린동)",
   "C": "02-723-1741",
   "D": "한식",
   "E": "낙지볶음"
 },
 {
   "A": "무교삼계탕",
   "B": "인사동7길 37 (관훈동)",
   "C": "02-734-4635",
   "D": "한식",
   "E": "삼계탕"
 },
 {
   "A": "박가네빈대떡",
   "B": "종로32길 7  2층 (종로5가)",
   "C": "02-2267-0614",
   "D": "한식",
   "E": "빈대떡"
 },
 {
   "A": "박가네빈대떡 2호점",
   "B": "동호로 403-16, 1~2층 (종로5가)",
   "C": "02-2267-0614",
   "D": "한식",
   "E": "빈대떡"
 },
 {
   "A": "박광일 참치 앤 스시",
   "B": "자하문로 26-1, 지상1~지상3층 (통의동)",
   "C": "02-732-4114",
   "D": "일식",
   "E": "점심특선"
 },
 {
   "A": "박보연 간장게장과삼겹살",
   "B": "종로5길 42-5 (청진동)",
   "C": "02-725-9729",
   "D": "한식",
   "E": "간장게장"
 },
 {
   "A": "배수사",
   "B": "익선동 81 1층",
   "C": "010-4175-1453",
   "D": "일식",
   "E": "사시미"
 },
 {
   "A": "삼청동수제비",
   "B": "삼청로 101-1 (삼청동)",
   "C": "02-735-2965",
   "D": "한식",
   "E": "수제비"
 },
 {
   "A": "병천순대 보쌈 족발",
   "B": "종로14길 23  1~4층 (관철동)",
   "C": "02-735-0373",
   "D": "한식",
   "E": "순대국밥"
 },
 {
   "A": "본고향맛집 동묘점",
   "B": "지봉로 16 (숭인동 1층)",
   "C": "02-2234-3392",
   "D": "한식",
   "E": "한우 꽃등심"
 },
 {
   "A": "봉평 막국수(인사동점)",
   "B": "율곡로 44-12  1층 (관훈동)",
   "C": "02-725-1188",
   "D": "한식",
   "E": "비빔막국수"
 },
 {
   "A": "부산초밥",
   "B": "돈화문로11길 41 (낙원동 2층)",
   "C": "02-764-7733",
   "D": "일식",
   "E": "초밥"
 },
 {
   "A": "북악정",
   "B": "평창동 114-12 북악정",
   "C": "02-394-2340",
   "D": "한식",
   "E": "생갈비"
 },
 {
   "A": "사동면옥",
   "B": "인사동8길 9 (관훈동)",
   "C": "02-725-1211",
   "D": "한식",
   "E": "회냉면"
 },
 {
   "A": "새마을식당 대학로점",
   "B": "대학로11길 3  2층 (명륜4가)",
   "C": "02-3672-7004",
   "D": "한식",
   "E": "열탄불고기"
 },
 {
   "A": "옛날민속집1호점",
   "B": "진흥로 469 (구기동)",
   "C": "02-379-6100",
   "D": "한식",
   "E": "두부버섯전골"
 },
 {
   "A": "석정",
   "B": "대학로12길 10 (동숭동)",
   "C": "02-744-3970",
   "D": "일식",
   "E": ""
 },
 {
   "A": "솔밭숯불갈비",
   "B": "삼일대로28길 5 (낙원동)",
   "C": "02-765-3055",
   "D": "한식",
   "E": "돼지갈비"
 },
 {
   "A": "송전일식",
   "B": "종로 14 (서린동)",
   "C": "02-739-8282",
   "D": "일식",
   "E": "송전정식(점심A)"
 },
 {
   "A": "송화정",
   "B": "삼봉로 81  지하층 113 114호 (수송동)",
   "C": "02-732-8252",
   "D": "한식",
   "E": "꽃등심"
 },
 {
   "A": "스파게티가있는풍경",
   "B": "새문안로 103-1  2층 (신문로1가)",
   "C": "02-738-7018",
   "D": "양식",
   "E": "스파데티 프리마베라"
 },
 {
   "A": "신안촌 본점",
   "B": "사직로12길 8 (내자동  153 154-1 155-1 (1층))",
   "C": "02-725-7744",
   "D": "한식",
   "E": "낙지꾸리정식 2인"
 },
 {
   "A": "신안촌 경복궁점",
   "B": "경희궁2길 14-4  지층.1.2층 (내수동)",
   "C": "02-738-9970",
   "D": "한식",
   "E": "낙지꾸리,매생이탕"
 },
 {
   "A": "신정",
   "B": "인사동6길 12 (인사동)",
   "C": "02-737-7199",
   "D": "한식",
   "E": ""
 },
 {
   "A": "싱글벙글 복어(종로점)",
   "B": "돈화문로11길 30 (낙원동)",
   "C": "02-743-0787",
   "D": "일식",
   "E": "복지리/매운탕"
 },
 {
   "A": "쌈마니 대학로점",
   "B": "대학로 130 (동숭동)",
   "C": "02-747-3033",
   "D": "양식,동남아식",
   "E": "월남쌈"
 },
 {
   "A": "아로이 타이레스토랑",
   "B": "사직로8길 42 (내수동)",
   "C": "02-2195-4127",
   "D": "양식,동남아식",
   "E": "꿰이띠오남"
 },
 {
   "A": "안동국시",
   "B": "종로구 서린동 136",
   "C": "02-732-6493",
   "D": "한식",
   "E": "국수"
 },
 {
   "A": "양반댁",
   "B": "인사동길 19-18  1층 (인사동)",
   "C": "02-733-5507",
   "D": "한식",
   "E": "간장게장정식"
 },
 {
   "A": "양평추어탕",
   "B": "자하문로10길 10-17 (통의동)",
   "C": "02-732-5507",
   "D": "한식",
   "E": "추어탕"
 },
 {
   "A": "에코랑 속초면옥",
   "B": "사직로8길 42  116~118호 (내수동  광화문시대)",
   "C": "02-2195-4646",
   "D": "한식",
   "E": "냉면"
 },
 {
   "A": "에코밥상",
   "B": "사직로 127-14 (적선동)",
   "C": "02-736-9136",
   "D": "한식",
   "E": "우리콩 된장찌개"
 },
 {
   "A": "영산강정육식당",
   "B": "창신길 3 (창신동)",
   "C": "02-763-9340",
   "D": "한식",
   "E": "소한마리"
 },
 {
   "A": "오두막",
   "B": "새문안로7길 16  1층 (당주동)",
   "C": "02-734-3371",
   "D": "한식",
   "E": "두부전골"
 },
 {
   "A": "옥정",
   "B": "인사동12길 18  1층 (관훈동)",
   "C": "02-733-5412",
   "D": "한식",
   "E": "정식"
 },
 {
   "A": "올리바 가든",
   "B": "자하문로 16 (통의동)",
   "C": "02-733-3056",
   "D": "양식",
   "E": "올리바가든 런치 코스"
 },
 {
   "A": "왕비집 종로점",
   "B": "삼일대로15길 24 (관철동 지상2층~4층)",
   "C": "02-720-3066",
   "D": "한식",
   "E": "양념왕갈비"
 },
 {
   "A": "용금옥",
   "B": "자하문로 41-2 (통인동)",
   "C": "02-777-4749",
   "D": "한식",
   "E": "서울추어탕"
 },
 {
   "A": "은행나무집",
   "B": "수표로 89-12 (관수동)",
   "C": "02-2265-6649",
   "D": "한식",
   "E": "한우 스페셜 등심"
 },
 {
   "A": "의정부부대찌개 & 돈까스",
   "B": "우정국로 45-7 (견지동 (지상2층))",
   "C": "02-734-5552",
   "D": "한식",
   "E": "부대찌개"
 },
 {
   "A": "이문 설렁탕",
   "B": "우정국로 38-13 (견지동 지상1층)",
   "C": "02-733-6526",
   "D": "한식",
   "E": "설렁탕"
 },
 {
   "A": "이천영양돌솥밥",
   "B": "평창11길 12  지하1층 (평창동)",
   "C": "02-379-5677",
   "D": "한식",
   "E": "이천영양돌솥밥"
 },
 {
   "A": "인사동두부마을",
   "B": "인사동길 30-12 (관훈동)",
   "C": "02-735-9996",
   "D": "한식",
   "E": "순두부정식"
 },
 {
   "A": "인사동쭈꾸미",
   "B": "인사동길 15-14 (인사동)",
   "C": "02-720-0608",
   "D": "한식",
   "E": "쭈꾸미불고기"
 },
 {
   "A": "일산칼국수",
   "B": "삼일대로15길 6  1층 (관철동)",
   "C": "02-733-3131",
   "D": "한식",
   "E": "닭칼국수"
 },
 {
   "A": "일식 오수사",
   "B": "사직로 130 (적선동 적선현대 지하1층 6호)",
   "C": "02-722-0415",
   "D": "일식",
   "E": "알탕/내장탕"
 },
 {
   "A": "일품당",
   "B": "세종대로23길 25  1 2층 (당주동)",
   "C": "02-733-4949",
   "D": "한식",
   "E": "일품샤브샤브,일품스끼야끼"
 },
 {
   "A": "전주골",
   "B": "돈화문로5가길 15 (돈의동)",
   "C": "02-765-2582",
   "D": "한식",
   "E": "소갈비"
 },
 {
   "A": "정선곤드레쌈밥",
   "B": "평창문화로 152, 101,102,103호 (평창동, 평창동 안성타워)",
   "C": "02-396-6906",
   "D": "한식",
   "E": "정선 곤드레 쌈밥정식"
 },
 {
   "A": "조마루(신설동점)",
   "B": "난계로29길 37 (숭인동)",
   "C": "02-2238-4104",
   "D": "한식",
   "E": "감자탕"
 },
 {
   "A": "종로전집",
   "B": "돈화문로11다길 3 (돈의동)",
   "C": "02-2234-8877",
   "D": "한식",
   "E": "모듬전"
 },
 {
   "A": "종로진낙지",
   "B": "수표로 122, 1,2층 (낙원동)",
   "C": "02-742-0621",
   "D": "한식",
   "E": "산낙지철판볶음"
 },
 {
   "A": "지리산",
   "B": "인사동14길 30  1 2층 (관훈동)",
   "C": "02-723-4696",
   "D": "한식",
   "E": "삼신봉정식"
 },
 {
   "A": "고기명가",
   "B": "사직로 103-4 (내자동)",
   "C": "02-730-5611",
   "D": "한식",
   "E": "생등심"
 },
 {
   "A": "착한활어장터",
   "B": "수표로 96 (관수동 지하1층)",
   "C": "02-2264-0888",
   "D": "일식",
   "E": "활어회정식"
 },
 {
   "A": "채선당 동묘역점",
   "B": "종로 347  지하1층 113~138호 (숭인동  롯데캐슬상가)",
   "C": "02-742-2990",
   "D": "한식",
   "E": "소고기샤브"
 },
 {
   "A": "처마끝 하늘풍경",
   "B": "인사동14길 24-2  1층 (관훈동)",
   "C": "02-734-3337",
   "D": "한식",
   "E": "전복솥밥정식"
 },
 {
   "A": "청계면관",
   "B": "청계천로 63 (관철동 (지상 2층 3층))",
   "C": "02-779-0709",
   "D": "중식",
   "E": "자장면"
 },
 {
   "A": "청진옥",
   "B": "종로3길 32  1~4층 (청진동)",
   "C": "02-737-1690",
   "D": "한식",
   "E": "해장국(보통)"
 },
 {
   "A": "태진복집",
   "B": "자하문로10길 10-24  지상1 2층 (통의동)",
   "C": "02-733-3730",
   "D": "일식",
   "E": "복지리"
 },
 {
   "A": "토속촌 삼계탕",
   "B": "자하문로5길 5  지상1층 (체부동  (체부동 86-1 2 3))",
   "C": "02-737-7444",
   "D": "한식",
   "E": "삼계탕"
 },
 {
   "A": "페르시아궁전",
   "B": "성균관로6길 9 (명륜2가)",
   "C": "02-763-6050",
   "D": "양식",
   "E": "통닭카레정식"
 },
 {
   "A": "평가옥 광화문점",
   "B": "새문안로5가길 7  1 2층 (내수동)",
   "C": "02-732-1566",
   "D": "한식",
   "E": "어복쟁반 소"
 },
 {
   "A": "평창동 북악정",
   "B": "평창36길 6  지하 지상1 2층 (평창동)",
   "C": "02-394-2340",
   "D": "한식",
   "E": "생갈비"
 },
 {
   "A": "손가네민물장어",
   "B": "종로51가길 2-1  1층 (창신동)",
   "C": "02-3673-0510",
   "D": "한식",
   "E": "장어구이"
 },
 {
   "A": "하나로회관",
   "B": "인사동5길 25 (인사동)",
   "C": "02-732-7451",
   "D": "한식",
   "E": "하나로정식"
 },
 {
   "A": "하누소 인사점",
   "B": "낙원동 272 로담코 인사빌딩",
   "C": "02-739-9990",
   "D": "한식",
   "E": "한우 갈비탕"
 },
 {
   "A": "한라의 집",
   "B": "새문안로9길 29-1 (당주동)",
   "C": "02-737-7484",
   "D": "일식",
   "E": "회덮밥"
 },
 {
   "A": "한일장",
   "B": "수표로 94 (관수동  지하1층~지상1층)",
   "C": "02-2265-7707",
   "D": "한식",
   "E": "한우등심"
 },
 {
   "A": "원조할머니두부집",
   "B": "진흥로 439 (구기동)",
   "C": "02-379-6276",
   "D": "한식",
   "E": "두부찌개"
 },
 {
   "A": "함흥곰보냉면",
   "B": "인의동 112-14 세운스퀘어",
   "C": "02-2267-6922",
   "D": "한식",
   "E": "물냉면"
 },
 {
   "A": "연타발 종로점",
   "B": "삼일대로15길 19 (관철동 (지하1층 지상1.2층))",
   "C": "02-720-9263",
   "D": "한식",
   "E": "한우대창구이"
 },
 {
   "A": "향가",
   "B": "계동길 19-6 (재동)",
   "C": "02-747-3368",
   "D": "한식",
   "E": "기본정식"
 },
 {
   "A": "향나무세구루",
   "B": "삼청로 100 (삼청동)",
   "C": "02-720-9524",
   "D": "한식",
   "E": "시골 청국장"
 },
 {
   "A": "허서방 쭈꾸미",
   "B": "종로 332 (창신동)",
   "C": "02-764-7706",
   "D": "한식",
   "E": "불쭈꾸미 정식"
 },
 {
   "A": "화동옥",
   "B": "창덕궁1길 40 (계동)",
   "C": "02-762-5426",
   "D": "한식",
   "E": "설렁탕"
 },
 {
   "A": "황칠가 재미애가",
   "B": "자하문로 10 (통의동)",
   "C": "02-722-1117",
   "D": "한식",
   "E": "한돈삼겹살"
 },
 {
   "A": "황학정",
   "B": "자하문로1길 56 (필운동)",
   "C": "02-723-6793",
   "D": "한식",
   "E": "영양돌솥황태구이정식"
 },
 {
   "A": "훌리오 종로점",
   "B": "청계천로 73  3층 (관철동)",
   "C": "02-730-5324",
   "D": "양식",
   "E": "타코"
 }
]
}