<?xml version="1.0" encoding="UTF-8"?>
<!DOCTYPE mapper
  PUBLIC "-//mybatis.org//DTDMapper3.0//EN" 
  "http://mybatis.org/dtd/mybatis-3-mapper.dtd">

<mapper namespace="bit.yam.service.SearchMapper">

<select id="searchByName" parameterType="String" resultType="OwnerVO">
	SELECT*FROM ownerstore WHERE storeName LIKE CONCAT('%',#{storeName},'%')
</select>


<select id="searchByCuisine" parameterType="int" resultType="OwnerVO">
	SELECT*FROM ownerstore WHERE cuisine = #{cuisine}
</select>

<select id="searchBothOfThem" parameterType="map" resultType="OwnerVO">
	SELECT*FROM ownerstore WHERE storeName LIKE CONCAT('%',#{storeName},'%') AND cuisine = #{cuisine}
</select>

<select id="searchUser" parameterType="String" resultType="UserVO">
	SELECT * FROM Users WHERE nickname LIKE CONCAT('%',#{nickname},'%')
</select>

</mapper>